,OLD-BASE  fitted + fixed TP,CURRENT   fitted + trail,GLOBAL    rr10/a3 + trail,GLOBAL-FIX rr10/a3 + fixed,GLB-10/2  rr10/a2 + trail,GLB-8/2   rr8/a2  + trail
2023-06,1558.2009558585353,1564.234199927245,1499.5541846307235,1362.535859645069,1775.7757111966923,1705.2122695666342
2023-07,1309.3820068098125,1356.013983076327,1361.3539557990796,1220.0729149749563,1533.8620166249093,1472.9685363395652
2023-08,1621.917894654213,1943.7808024529402,2315.6555756363373,1197.2582291549031,3348.102141809995,3042.663940207152
2023-09,1402.3729584185605,1858.6888996983005,1888.067433509271,1116.5469780601231,2868.541370289061,2568.9702082417293
2023-10,1335.0328537775945,1695.5601745567099,1743.558952329895,1103.334349043663,3017.022385816635,2833.6161632967533
2023-11,1374.2142909114452,1682.5458919808555,2356.659335405715,1330.9286513889829,3349.285902784006,3238.918549430521
2023-12,1206.455953049638,1431.3087841674028,2665.8205738033193,2369.896690319816,3557.238376382285,3436.923629263093
2024-01,1018.2471985383918,1231.8263068720955,2287.9388464621848,2291.6325526483315,3004.5802774303793,2900.018986404485
2024-02,1016.2047857942773,1147.3499447680122,2314.919507596343,2543.472076755243,3125.1605868187426,3002.0014734508477
2024-03,957.2909401193772,1004.8325245401066,2161.8741531548712,2525.7422455429396,2922.069321298509,2802.5080126420544
2024-04,1020.8859892892679,1068.756350637617,2125.6711394144077,2094.7646256479366,3162.1231797941628,3018.85798622745
2024-05,737.087046680752,812.6819624930141,1788.4555809049562,1855.797121479082,2306.103487979588,2199.712251558473
2024-06,747.8288553274847,778.777105613005,1775.2009912846172,1654.543733675208,1886.2515463568138,1800.3416567846834
2024-07,1142.0595003473327,1177.4634981374006,1929.588196746039,1511.0037086814634,2536.2651220776315,2419.7650078858087
2024-08,2473.301587079126,1783.8007042694135,2857.6663771237463,1583.6488400984076,3515.2270195223355,3450.26573290939
2024-09,2203.7278148649875,1326.0191149158943,2842.3658787575832,1342.2994859583368,3157.9106482745374,3108.2148846036707
2024-10,1683.4737257536763,1083.5335930465592,2044.3873099568732,1090.2829825103463,2200.2914962204545,2177.9734688579924
2024-11,3100.509011560678,1449.9372490620503,3300.329343965711,2117.2677678508735,2875.6916097369003,2909.9993385132875
2024-12,2885.78606686732,1251.1202198282622,3457.1485133301303,3113.725324445098,2579.425316279986,2565.5041239973525
2025-01,3124.3714426135466,1479.6535448798415,3235.75265668247,2562.3031293040176,3364.9945073383105,3242.022333728187
2025-02,7481.139811503889,2070.9186555044,4671.72659659927,2834.4809506168385,5633.373272538064,5081.891197068295
2025-03,8349.770280477274,2052.8615094949187,4179.706989778729,2328.4573727242523,5513.777034942099,5012.73140408084
2025-04,20876.127250305115,2773.002608639148,6528.888721204082,2116.3744437181067,7186.490965890988,6325.630034746545
2025-05,28612.72834605301,3640.217265640455,6466.240206058334,1789.2674819389017,8339.886363091253,7240.718566177744
2025-06,25682.55870231693,3675.3655921584214,6128.254911492428,1483.897422667426,6792.037529336875,5889.052001591639
2025-07,43182.519957600576,3891.4466860344924,7627.253160405552,1905.0578820121443,9230.292291076874,8160.871905264623
2025-08,33259.58179244233,2790.215331575097,5861.357404214486,1376.576481489123,6797.095116705901,6159.832016049617
2025-09,36860.24047354685,4197.9901433754285,6998.588936490075,1036.2734408006052,8104.064603072259,7377.245345545447
2025-10,78750.89637201728,6630.959977298355,12641.28085182391,3098.329848652101,10978.873377068181,9277.56820614673
2025-11,85168.26493662286,6652.289696074049,14691.739006869242,2575.6729537047922,9822.428366623022,8322.638234687667
2025-12,90181.56001955605,6934.504028837405,13552.79019773888,1888.4916567642067,8643.668129748095,7051.736465101672
2026-01,137995.802520164,14042.487748791089,21851.611183924888,1942.0508427183058,14991.232713482364,13144.35839750365
2026-02,154966.7822534328,19608.694240234683,21629.0550873553,2013.7608881233764,18566.978019871625,15636.81574344955
2026-03,143739.85294610256,14674.858358717389,19110.150642450648,1932.2916161167145,15757.784337972054,13260.924666965158
2026-04,136575.61337888174,12051.579358648025,17574.487430673922,1468.292005064972,14814.05311194935,12354.755231562312
2026-05,144724.34335616304,15178.73825825028,19191.436132075793,1395.7956635508417,17198.29501989312,14290.747728396545
2026-06,140589.4810866636,13261.167559293115,24484.61918430654,1634.7661453944115,20866.622928873396,17306.330148375113
2026-07,132604.56454089817,8587.390564128891,20775.431961638587,1333.5323551222978,15443.793663143284,12604.090589892232
