arm,final,maxdd,n,holdout_pct,ratio
A1b global rr=10 atr=3,20775.431961638544,47.53074278386902,18334,6.869639843910735,437.0946201305591
A1b global rr=10 atr=2,15443.793663143233,54.59724867606377,21691,-11.73954462289144,282.8676176481768
A1b global rr=8 atr=1.5,14274.200253765193,55.75306437207704,22638,-39.39478525614349,256.0253936627415
A1b global rr=8 atr=2,12604.090589892268,55.151531088390904,21603,-13.312968029138371,228.53564245916937
A1b global rr=5 atr=1.5,9032.224528919116,58.77308098865575,22537,-42.0537494406508,153.6796161947422
A0 LIVE fitted per-symbol,8587.390564128858,64.91664987950122,22519,-44.79932231624143,132.28332916237727
A1b global rr=5 atr=2,7245.457415774567,56.729226962721526,21404,-14.915227761988348,127.7200096616119
A1b global rr=3 atr=1.5,4157.8847313433225,66.6172135330018,22513,-44.206262659432994,62.41456991117663
A1b global rr=3 atr=2,3310.0637711456734,64.91987565983824,21043,-18.433336084148333,50.98690867015011
