risk_pct,DEV_roi,DEV_dd,DEV_rdd,VAL_roi,VAL_dd,VAL_rdd,HOLDOUT_roi,HOLDOUT_dd,HOLDOUT_rdd,FULL_roi,FULL_dd,FULL_rdd,hold_roi_c,hold_dd_c,hold_rdd_c
0.1,183.58854696723935,23.968694426150737,7.659513851824046,192.07395840065763,22.310221087827504,8.609235992979627,-21.59161977485663,23.32915860142922,-0.9255207246751648,487.56827143983406,23.894911885996795,20.404690076533203,-11.757666396313216,14.79003002516552,-0.7949724494343365
0.2,522.2655791941926,44.21580928186342,11.811738554074529,535.8314302718946,38.24797507894807,14.00940648925542,-40.52462165709058,43.0365914605414,-0.9416317668708974,1270.7091276591138,44.08445227952364,28.82442815898006,-22.657704935891065,28.006899235129943,-0.8090044080092517
0.25,709.4534636344198,51.93298117740456,13.660942382855056,739.2369707974442,45.38553569552589,16.287941950420084,-48.228146291306814,50.89782394279141,-0.9475482949038198,1666.5901224329482,51.88343229818084,32.12181709287924,-28.22012536872895,34.433692169146006,-0.8195497953023853
0.3,978.6001896559618,59.14689439957888,16.545250593291154,960.6468481090426,51.0317504164484,18.824493384405052,-54.75148608710337,57.546154150193814,-0.9514360585105924,2139.277030450163,58.878661847933834,36.33365574739593,-32.59899905616308,39.57873177168159,-0.8236494095924398
0.5,1542.9588819808555,78.15861539332512,19.741379427156883,1470.8235548368834,58.36882300379917,25.198787283086883,-73.45678684188587,76.67177114077636,-0.958068214010767,3199.025804007893,78.04468122308347,40.98967096635035,-45.50675241687184,56.44160073034826,-0.8062626117618803
0.75,1943.4188360684384,87.2161238550477,22.28279302229001,1526.883612194195,69.48443576031445,21.974469469121946,-79.91957388618823,84.23525209862525,-0.9487663643793208,3767.7251423604,87.41449859302008,43.10183325425202,-47.28985164244738,61.966524826487955,-0.7631515850673145
1.0,2184.5305248149843,92.09516756062432,23.720359956747497,1871.0529292041372,73.50776738880005,25.45381251082887,-81.05442325799504,88.3055169742127,-0.9178862888223036,4211.544684056891,88.84390441050812,47.4038676260469,-38.37262033180339,65.65165145241296,-0.5844882723112831
1.25,1777.8217190587584,95.84060494781666,18.549775640781355,1995.4308207533277,72.10686810083097,27.673242137808675,-88.80537426764589,92.1885091991037,-0.9633019889262868,3172.306088153324,97.3509092425939,32.586301585002005,-53.08054360619083,72.36035166902816,-0.733558397407713
1.5,1752.713460961704,93.44226681948412,18.757180456117062,2369.5875682187952,77.47200459917745,30.586372206044015,-89.65326928439995,93.1147209965464,-0.9628259455100032,3198.9789140765224,96.92600638859592,33.00434045792798,-59.40841505877397,80.53899641332427,-0.7376354027791873
1.7500000000000002,438.15505372787726,96.32398987575267,4.548763545748561,2613.986457462822,66.94747063809025,39.0453355824854,-90.73977553935076,94.9445322789029,-0.9557135451760348,3421.540627801629,97.4218237166884,35.120884595137355,-65.18582859712565,84.8317012519166,-0.7684135486514589
2.0,190.06074617864385,97.39096609944076,1.951523368035828,2984.118967897307,65.82250386259066,45.33584705508736,-95.32526142630832,97.02366972999052,-0.9824949075992616,2500.416335811265,98.06584896571698,25.497320037329104,-73.30736907895104,86.39125718087324,-0.8485507847798871
2.5,-94.37456897642647,99.77405274263748,-0.9458828862035032,3588.0854666074492,67.747816747368,52.96237781340527,-96.7293983780758,98.11173988171883,-0.9859105392962192,-96.15182673384854,99.80647218435364,-0.9633826807969472,-83.7242126233473,91.13921078858286,-0.9186409658249484
3.0,-99.71334187036793,99.96255117263968,-0.9975069733680428,4146.892254274308,58.83496155377769,70.48347011298493,-97.33521084975324,98.28042415528776,-0.9903824865057458,-88.78052475625209,99.90604163833756,-0.8886401993348899,-74.68666222036704,89.85472536371665,-0.8311934839046932
