,A0-live   fitted per-symbol rr/atr,A1-rr10a3 global rr=10 atr=3.0,A1-rr10a2 global rr=10 atr=2.0,A1-rr8a2  global rr=8  atr=2.0,A1-rr3a2  global rr=3  atr=2.0
2023-05,1500.0,1500.0,1500.0,1500.0,1500.0
2023-06,1564.234199927245,1499.5541846307235,1775.7757111966923,1705.2122695666342,1377.6834660324857
2023-07,1356.013983076327,1361.3539557990796,1533.8620166249093,1472.9685363395652,1188.3627198015356
2023-08,1943.7808024529402,2315.6555756363373,3348.102141809995,3042.663940207152,1454.1235549418357
2023-09,1858.6888996983005,1888.067433509271,2868.541370289061,2568.9702082417293,1256.0291664633573
2023-10,1695.5601745567099,1743.558952329895,3017.022385816635,2833.6161632967533,1352.2203107959024
2023-11,1682.5458919808555,2356.659335405715,3349.285902784006,3238.918549430521,1434.868890114369
2023-12,1431.3087841674028,2665.8205738033193,3557.238376382285,3436.923629263093,1424.3823862916447
2024-01,1231.8263068720955,2287.9388464621848,3004.5802774303793,2900.018986404485,1157.2921697280058
2024-02,1147.3499447680122,2314.919507596343,3125.1605868187426,3002.0014734508477,1085.4810159776061
2024-03,1004.8325245401066,2161.8741531548712,2922.069321298509,2802.5080126420544,965.7700620632521
2024-04,1068.756350637617,2125.6711394144077,3162.1231797941628,3018.85798622745,1025.819143980799
2024-05,812.6819624930141,1788.4555809049562,2306.103487979588,2199.712251558473,723.2381506435727
2024-06,778.777105613005,1775.2009912846172,1886.2515463568138,1800.3416567846834,616.4214020663876
2024-07,1177.4634981374006,1929.588196746039,2536.2651220776315,2419.7650078858087,852.523329460073
2024-08,1783.8007042694135,2857.6663771237463,3515.2270195223355,3450.26573290939,1135.267272504813
2024-09,1326.0191149158943,2842.3658787575832,3157.9106482745374,3108.2148846036707,919.4000060533189
2024-10,1083.5335930465592,2044.3873099568732,2200.2914962204545,2177.9734688579924,726.5341889379117
2024-11,1449.9372490620503,3300.329343965711,2875.6916097369003,2909.9993385132875,983.1014193322562
2024-12,1251.1202198282622,3457.1485133301303,2579.425316279986,2565.5041239973525,821.6785021468226
2025-01,1479.6535448798415,3235.75265668247,3364.9945073383105,3242.022333728187,1149.2146970000824
2025-02,2070.9186555044,4671.72659659927,5633.373272538064,5081.891197068295,1972.4297404932192
2025-03,2052.8615094949187,4179.706989778729,5513.777034942099,5012.73140408084,2053.2322667811777
2025-04,2773.002608639148,6528.888721204082,7186.490965890988,6325.630034746545,2987.53416167228
2025-05,3640.217265640455,6466.240206058334,8339.886363091253,7240.718566177744,3521.5905545238825
2025-06,3675.3655921584214,6128.254911492428,6792.037529336875,5889.052001591639,2625.2462798431498
2025-07,3891.4466860344924,7627.253160405552,9230.292291076874,8160.871905264623,3377.4297941707937
2025-08,2790.215331575097,5861.357404214486,6797.095116705901,6159.832016049617,2352.5938345081777
2025-09,4197.9901433754285,6998.588936490075,8104.064603072259,7377.245345545447,2674.2631392980593
2025-10,6630.959977298355,12641.28085182391,10978.873377068181,9277.56820614673,2560.0212441397334
2025-11,6652.289696074049,14691.739006869242,9822.428366623022,8322.638234687667,2772.4673115270525
2025-12,6934.504028837405,13552.79019773888,8643.668129748095,7051.736465101672,2698.0982424807335
2026-01,14042.487748791089,21851.611183924888,14991.232713482364,13144.35839750365,5980.08274811464
2026-02,19608.694240234683,21629.0550873553,18566.978019871625,15636.81574344955,5861.649375501134
2026-03,14674.858358717389,19110.150642450648,15757.784337972054,13260.924666965158,4813.154061804428
2026-04,12051.579358648025,17574.487430673922,14814.05311194935,12354.755231562312,3275.6671600005448
2026-05,15178.73825825028,19191.436132075793,17198.29501989312,14290.747728396545,3941.749682099728
2026-06,13261.167559293115,24484.61918430654,20866.622928873396,17306.330148375113,5411.501192221102
2026-07,8587.390564128891,20775.431961638587,15443.793663143284,12604.090589892232,3310.063771145665
