arm,final,dd,n,hold,roi,ratio
regime ON  (recommended),17492.862361222684,46.99939186448255,18335,7.871428400421432,1066.1908240815123,372.1933767071153
regime OFF (raw),60396.227708268736,56.377855245757594,16932,-13.974631953235562,3926.4151805512493,1071.2757242182163
regime OFF + halt 21d,39758.72598296914,64.43531126971355,14207,-4.273893332474987,2550.5817321979425,617.0331949906616
regime OFF + halt 7d,42031.09783552951,56.506404708002776,15356,-18.971810438564994,2702.0731890353004,743.8289173187621
regime OFF + dd-throttle mild,3172.6671496365584,48.61417225052069,18205,-15.784664855007858,111.51114330910387,65.26218595859312
regime OFF + dd-throttle med,2328.030272565943,40.58364842378522,18905,-13.04646067788553,55.202018171062875,57.36375025369907
regime OFF + dd-throttle hard,1914.217967295312,31.24325473821375,19153,-11.316970229817635,27.614531153020792,61.26819959490406
regime OFF + cap 20 open,4424.480389425282,39.782807099671295,6824,-17.081038332912847,194.96535929501877,111.21589229086449
regime OFF + cap 10 open,3611.1702247729586,26.21864727664508,3580,-15.939315490347262,140.74468165153058,137.73289623487554
regime OFF @ 0.15% risk,20691.402194275117,37.663660925791966,19127,-17.959849162652542,1279.4268129516745,549.3731009060169
regime OFF @ 0.20% risk,32920.950375222266,43.88618649547172,18588,-19.432001162754865,2094.730025014818,750.1437924805595
regime OFF + dd-med + halt21,2538.614850742064,40.65968442960123,16293,-3.4973522628397924,69.24099004947092,62.43567519904043
regime OFF + dd-hard + halt21,1986.1238427957355,31.243247582163434,16627,-6.313955635402246,32.40825618638237,63.56969894287176
regime ON  + dd-med,3451.4650557825476,34.74556755301285,18994,-4.026027996575532,130.09767038550314,99.33540589073685
regime ON  + halt21 (rec+),17204.629384378863,46.99939186448253,15754,15.805408941240007,1046.9752922919242,366.060680827243
