net_dir,gross,mode,is_roi,is_dd,is_roidd,hold_roi,hold_dd,n
0.02,0.1,block,237.94964564477166,23.67251546860438,10.051726271352608,-3.2470532954468223,14.85763565321902,6975
0.02,0.1,scale,232.82102185106677,24.268239477836428,9.59365107896254,-3.2470532954468223,14.85763565321902,6922
0.02,0.2,block,304.5133218485762,24.981857266146534,12.189378820173987,-3.2470532954468223,14.85763565321902,7140
0.02,0.2,scale,304.5133218485762,24.981857266146534,12.189378820173987,-3.2470532954468223,14.85763565321902,7140
0.02,0.3,block,304.5133218485762,24.981857266146534,12.189378820173987,-3.2470532954468223,14.85763565321902,7140
0.02,0.3,scale,304.5133218485762,24.981857266146534,12.189378820173987,-3.2470532954468223,14.85763565321902,7140
0.02,0.6,block,304.5133218485762,24.981857266146534,12.189378820173987,-3.2470532954468223,14.85763565321902,7140
0.02,0.6,scale,304.5133218485762,24.981857266146534,12.189378820173987,-3.2470532954468223,14.85763565321902,7140
0.03,0.1,block,302.89823538242285,23.219148766112642,13.045191209786722,-2.271298587799475,17.61887065445322,9552
0.03,0.1,scale,299.6834738659009,23.211970884084973,12.910729354368419,-2.281791195833438,17.472881588996042,9662
0.03,0.2,block,329.4476321809438,24.6258542302286,13.378119966963093,-1.7008993578128129,17.466005930647167,9583
0.03,0.2,scale,329.4476321809438,24.6258542302286,13.378119966963093,-1.7008993578128129,17.466005930647167,9583
0.03,0.3,block,329.4476321809438,24.6258542302286,13.378119966963093,-1.7008993578128129,17.466005930647167,9583
0.03,0.3,scale,329.4476321809438,24.6258542302286,13.378119966963093,-1.7008993578128129,17.466005930647167,9583
0.03,0.6,block,329.4476321809438,24.6258542302286,13.378119966963093,-1.7008993578128129,17.466005930647167,9583
0.03,0.6,scale,329.4476321809438,24.6258542302286,13.378119966963093,-1.7008993578128129,17.466005930647167,9583
0.05,0.1,block,422.91240925518343,32.24948385240568,13.113772958063509,-3.752966384212142,19.75810380472396,12299
0.05,0.1,scale,415.9156619827617,32.12829443168989,12.945463471989395,-3.752966384212142,19.75810380472396,12494
0.05,0.2,block,344.2820406416187,32.12829443168989,10.715851766536185,-3.752966384212142,19.75810380472396,12429
0.05,0.2,scale,344.2820406416187,32.12829443168989,10.715851766536185,-3.752966384212142,19.75810380472396,12429
0.05,0.3,block,344.2820406416187,32.12829443168989,10.715851766536185,-3.752966384212142,19.75810380472396,12429
0.05,0.3,scale,344.2820406416187,32.12829443168989,10.715851766536185,-3.752966384212142,19.75810380472396,12429
0.05,0.6,block,344.2820406416187,32.12829443168989,10.715851766536185,-3.752966384212142,19.75810380472396,12429
0.05,0.6,scale,344.2820406416187,32.12829443168989,10.715851766536185,-3.752966384212142,19.75810380472396,12429
0.075,0.1,block,920.3720557997653,40.5800723835145,22.6803946306824,2.481865882135792,21.210589754547016,14056
0.075,0.1,scale,890.8716706901931,40.58007238351449,21.95342734410958,7.844125467616014,18.9773029282418,14134
0.075,0.2,block,787.714189672975,41.914065552573675,18.7935524575856,4.401358528416877,20.509700592142185,14161
0.075,0.2,scale,787.714189672975,41.914065552573675,18.7935524575856,4.401358528416877,20.509700592142185,14161
0.075,0.3,block,787.714189672975,41.914065552573675,18.7935524575856,4.401358528416877,20.509700592142185,14161
0.075,0.3,scale,787.714189672975,41.914065552573675,18.7935524575856,4.401358528416877,20.509700592142185,14161
0.075,0.6,block,787.714189672975,41.914065552573675,18.7935524575856,4.401358528416877,20.509700592142185,14161
0.075,0.6,scale,787.714189672975,41.914065552573675,18.7935524575856,4.401358528416877,20.509700592142185,14161
0.1,0.1,block,1119.7190048996529,46.64152453986778,24.00691263731207,10.951648092292388,18.325936346168287,14477
0.1,0.1,scale,1156.8751356287503,46.51904868896955,24.868847670633148,10.605586565826686,18.14427954106633,14914
0.1,0.2,block,931.0385472042001,46.99939186448254,19.80958710888739,7.586719897662952,22.275446633521454,14964
0.1,0.2,scale,931.0385472042001,46.99939186448254,19.80958710888739,7.586719897662952,22.275446633521454,14964
0.1,0.3,block,931.0385472042001,46.99939186448254,19.80958710888739,7.586719897662952,22.275446633521454,14964
0.1,0.3,scale,931.0385472042001,46.99939186448254,19.80958710888739,7.586719897662952,22.275446633521454,14964
0.1,0.6,block,931.0385472042001,46.99939186448254,19.80958710888739,7.586719897662952,22.275446633521454,14964
0.1,0.6,scale,931.0385472042001,46.99939186448254,19.80958710888739,7.586719897662952,22.275446633521454,14964
0.2,0.1,block,1119.7190048996529,46.64152453986778,24.00691263731207,10.951648092292388,18.325936346168287,14477
0.2,0.1,scale,1171.6792882097934,46.703119832490756,25.087816240376114,10.605586565826686,18.14427954106633,14937
0.2,0.2,block,1108.275511812556,48.19535909093934,22.995481986582195,9.344029556094412,27.29925571116215,15867
0.2,0.2,scale,1105.0365858522703,48.19535909093934,22.9282778818431,10.174220512214127,27.421788802030754,15870
0.2,0.3,block,1051.294079563002,48.19535909093935,21.81318075832417,5.75919029661629,28.07982666220098,15883
0.2,0.3,scale,1051.294079563002,48.19535909093935,21.81318075832417,5.75919029661629,28.07982666220098,15883
0.2,0.6,block,1051.294079563002,48.19535909093935,21.81318075832417,5.75919029661629,28.07982666220098,15883
0.2,0.6,scale,1051.294079563002,48.19535909093935,21.81318075832417,5.75919029661629,28.07982666220098,15883
,0.1,block,1119.7190048996529,46.64152453986778,24.00691263731207,10.951648092292388,18.325936346168287,14477
,0.1,scale,1171.6792882097934,46.703119832490756,25.087816240376114,10.605586565826686,18.14427954106633,14937
,0.2,block,1108.275511812556,48.19535909093934,22.995481986582195,9.344029556094412,27.29925571116215,15867
,0.2,scale,1105.0365858522703,48.19535909093934,22.9282778818431,10.174220512214127,27.421788802030754,15870
,0.3,block,894.4413240250334,48.19535909093935,18.558660852330632,5.75919029661629,28.07982666220098,15916
,0.3,scale,894.237516829622,48.19535909093935,18.554432080115724,5.75919029661629,28.07982666220098,15917
,0.6,block,908.8043009527034,48.19535909093935,18.856676619794232,5.75919029661629,28.07982666220098,15917
,0.6,scale,908.8043009527034,48.19535909093935,18.856676619794232,5.75919029661629,28.07982666220098,15917
