window,risk_pct,n_trades,start_balance,final_balance,net_roi_pct,cagr_pct,max_dd_pct,max_dd_usd,max_dd_mtm_pct,roi_dd_ratio,calmar,sharpe,sortino,win_rate_pct,profit_factor,expectancy_r,avg_win_usd,avg_loss_usd,largest_loss_usd,largest_loss_pct_of_start,max_consec_losses,longest_underwater_days,time_underwater_frac,margin_blocked,risk_capped,pyramid_blocked,years,note
DEV,0.1,11543,10000.0,32560.837687191113,225.60837687191113,76.22749254938115,19.744778437997496,3608.672282114607,18.54280030426719,11.426229855167328,3.8606405632127268,1.6979763116860156,6.878083469083505,18.288139998267347,1.4209373035053752,0.39287880100493805,36.07650760108758,-5.6824289502443515,-40.88867242351158,-0.4088867242351158,114,421.4583333333333,0.9677754677754677,0,0,2233,2.083504449007529,in-sample (walk-forward TRAIN)
DEV,0.2,11539,10000.0,72863.75386102815,628.6375386102815,159.4009357024873,36.86803908227974,8112.584071710327,34.65092789811251,17.05101638867552,4.3235533993751725,1.665225606022266,7.025494722791326,18.294479590952424,1.4734475981630113,0.3933616431233209,92.67761632932375,-14.083442321825887,-95.15071430851796,-0.9515071430851797,114,421.4583333333333,0.9678509532062392,0,4,2233,2.083504449007529,in-sample (walk-forward TRAIN)
DEV,0.25,11521,10000.0,94409.59189438504,844.0959189438504,193.74420044253844,44.58224082138516,9928.766389163662,42.095989957553876,18.93345653767487,4.345770801848152,1.6035690757737326,6.762553280338815,18.323062234181062,1.4963513229562846,0.3955385817203368,120.5446541839647,-18.072281943460617,-120.07092769732131,-1.200709276973213,114,421.4583333333333,0.9686686339177226,0,25,2230,2.083504449007529,in-sample (walk-forward TRAIN)
DEV,0.3,11477,10000.0,121333.7783658893,1113.3377836588932,231.3359000358628,51.32250328342553,12047.671736786331,48.64370451399321,21.69297505833942,4.507494475831075,1.588320276559756,6.7057949451024275,18.341029885858674,1.5330268171634507,0.3969678487409602,152.11622547091977,-22.286691874775574,-145.43292275610224,-1.4543292275610225,114,421.4583333333333,0.9680257884648894,0,74,2225,2.083504449007529,in-sample (walk-forward TRAIN)
DEV,0.5,11217,10000.0,197098.15480676008,1870.9815480676007,318.21209555673704,70.24421329590261,19942.14000183603,66.93196768635379,26.635383333088537,4.530082701848674,1.5030715457966983,5.983993863769961,18.159935811714362,1.5262692929249488,0.37888918605687794,266.3799983382186,-38.72744028411672,-251.71160690994174,-2.5171160690994174,100,421.4583333333333,0.9703155642717062,0,375,2178,2.083504449007529,in-sample (walk-forward TRAIN)
DEV,0.75,10755,10000.0,264699.47879880056,2546.9947879880056,381.7984448541621,78.03890956149289,26216.708141804877,74.02790888158593,32.63749842610284,4.892411324037192,1.4407377435497897,5.702510856529247,18.112505811250582,1.4761343069328179,0.37498837749883773,405.35497043979115,-60.73941224229727,-393.93735311250833,-3.9393735311250837,85,403.2916666666667,0.9718296764596505,0,844,2093,2.083504449007529,in-sample (walk-forward TRAIN)
DEV,1.0,10177,10000.0,288738.7446790287,2787.387446790287,402.32507176750937,80.73184459724257,25670.808595609502,75.03257228864668,34.526492745162564,4.983474287929883,1.396169467986747,5.703872835859436,18.06033212145033,1.4033233951949442,0.36631620320330155,527.662443000797,-82.87622323497256,-578.5523650955961,-5.785523650955961,69,390.875,0.9740617017095696,0,1527,1989,2.083504449007529,in-sample (walk-forward TRAIN)
DEV,1.25,9546,10000.0,315612.7738812616,3056.127738812616,424.2459635316376,85.22818463683217,27735.850079807715,79.80571970578396,35.858181795554536,4.977766044641243,1.4192794361206753,5.499813136648835,17.89231091556673,1.3948350782460506,0.34810391787135975,632.1072441759013,-98.75304914151289,-725.912777481956,-7.25912777481956,82,390.8333333333333,0.9759086624070389,0,2457,1821,2.083504449007529,in-sample (walk-forward TRAIN)
DEV,1.5,8839,10000.0,331254.65620886703,3212.54656208867,436.55942559175804,92.10559036632802,28034.267522513575,89.94041856573338,34.87895305064038,4.7397712110138706,1.4824481771853348,5.244628968110474,17.89795225704265,1.4323743431975384,0.3487951125692952,672.7281018018092,-102.38407066854002,-880.4247622325794,-8.804247622325793,66,421.7916666666667,0.9760180995475113,1,3332,1670,2.083504449007529,in-sample (walk-forward TRAIN)
DEV,1.7500000000000002,8206,10000.0,194086.10590492387,1840.8610590492387,315.13233214447575,92.347826050083,30357.580336362385,90.68819925138713,19.933994526854207,3.4124499257142236,1.4302744443292097,5.268771102326467,17.694369973190348,1.2876580340149817,0.3418230563002681,567.5164159622166,-94.75092242703799,-1006.9668109256893,-10.069668109256893,62,543.0416666666666,0.9830632386986718,21,3985,1537,2.083504449007529,in-sample (walk-forward TRAIN)
DEV,2.0,7445,10000.0,140455.1486827467,1304.551486827467,255.4453528928415,94.8304829579556,27420.183605635684,93.38415214220382,13.756668173944215,2.693705071670854,1.4486810945426312,5.41858976176269,17.139019476158495,1.223980259764084,0.29267965077233044,558.6955591492804,-94.41406788648648,-1223.8035799527415,-12.238035799527415,77,603.7916666666666,0.9908675799086758,46,4936,1391,2.083504449007529,in-sample (walk-forward TRAIN)
DEV,2.5,6179,10000.0,37931.51071741742,279.31510717417416,89.62571961963157,97.71301354542345,34528.68576151258,96.89024398223889,2.858525154833446,0.9172342185308574,1.5046431654685162,5.649172305746772,17.138695581809355,1.0693842301324983,0.29228030425635215,406.5102187561539,-78.62554901276359,-1262.6301653330338,-12.626301653330337,72,679.5416666666666,0.9951456310679612,226,6005,1163,2.083504449007529,in-sample (walk-forward TRAIN)
DEV,3.0,5056,10000.0,2209.8181786460027,-77.90181821353997,-51.54741113331547,98.82914121015982,16566.02828621373,97.13035009616203,-0.7882474466501943,-0.5215810893641186,1.354353573232377,5.6447679749721225,16.890822784810126,0.9543729680943882,0.27412974683544306,190.80319158448705,-40.632105529392184,-409.0806917024812,-4.090806917024812,78,760.0833333333334,0.9990112715048448,559,7176,942,2.083504449007529,in-sample (walk-forward TRAIN)
VAL,0.1,9909,10000.0,32367.33897274892,223.67338972748917,269.8608425110854,19.89991121919228,6783.989865983058,18.073425802862126,11.239918975707264,13.56090685725375,2.072110039486059,13.613865843003465,19.628620446059138,1.3433080049657942,0.4443435260873953,44.99729287026662,-8.180863342531334,-71.28802072607664,-0.7128802072607664,75,100.70833333333333,0.963673057517659,0,0,2152,0.8980150581793293,walk-forward TEST — config accepted on it
VAL,0.2,9909,10000.0,77212.38681761333,672.1238681761332,873.8655197874264,34.65233399062673,16234.897002502395,31.391460472816497,19.39620772320673,25.218085454901892,1.9573998655175888,16.21232760965642,19.628620446059138,1.3920887807968212,0.4443435260873953,122.69086554531218,-21.52452871270956,-171.81411467356298,-1.7181411467356296,75,100.70833333333333,0.9633703329969727,0,0,2152,0.8980150581793293,walk-forward TEST — config accepted on it
VAL,0.25,9894,10000.0,100074.0786622985,900.7407866229851,1199.9456552464094,41.04682908883962,20430.748553588113,37.354771518666084,21.944223381383946,29.233577401297172,1.9111100995296402,16.424481978557957,19.587628865979383,1.401142260546655,0.4409743278754801,162.3416181642345,-28.223224904473092,-213.67690149741094,-2.136769014974109,75,100.70833333333333,0.9641232945932289,0,16,2151,0.8980150581793293,walk-forward TEST — config accepted on it
VAL,0.3,9868,10000.0,119112.41019141274,1091.1241019141273,1478.1573462188287,46.68581205403285,23734.28177436485,42.75939074646417,23.371642345029596,31.661810755440023,1.9175426350580518,15.554274568058855,19.568301580867452,1.4075573659700127,0.4396027563842724,195.15030409844766,-33.73098488379613,-274.2806968311418,-2.7428069683114185,75,100.66666666666667,0.9648393960887628,0,60,2157,0.8980150581793293,walk-forward TEST — config accepted on it
VAL,0.5,9412,10000.0,192785.47893469833,1827.8547893469836,2597.8416048803338,53.919898588962035,29046.78964104713,46.87259688568323,33.89944783244018,48.17964560141326,1.890149653930611,15.539204000959014,19.40076498087548,1.4284981031224442,0.4313642158946026,333.7118911379828,-56.231536288328286,-414.44866955494837,-4.144486695549484,77,100.66666666666667,0.9685541272707957,0,548,2097,0.8980150581793293,walk-forward TEST — config accepted on it
VAL,0.75,8658,10000.0,198157.36791956122,1881.5736791956124,2681.6845611217814,61.188173378705876,34901.01572084328,56.27637649307654,30.750610376128986,43.82684451984369,1.7854754447724164,12.562422166370688,19.12681912681913,1.3419420896268548,0.4133749133749134,445.90476163782125,-78.58624926487728,-666.5378551588018,-6.6653785515880175,78,118.66666666666667,0.973438041344266,0,1387,1990,0.8980150581793293,walk-forward TEST — config accepted on it
VAL,1.0,7958,10000.0,232160.04723577166,2221.6004723577166,3218.149661646975,68.04917711295033,31624.579177375592,59.344018411776645,32.646985115929155,47.29152942298451,1.7974359938458022,11.548498356312502,19.276200050263885,1.3161941104197397,0.42636340789143,602.8465311865945,-109.37212509409467,-919.6063604025501,-9.1960636040255,66,100.70833333333333,0.9763789420781506,30,2177,1858,0.8980150581793293,walk-forward TEST — config accepted on it
VAL,1.25,7383,10000.0,349313.2337827564,3393.132337827564,5129.659998609329,59.74928103436742,31669.38155881269,51.00168827871706,56.789509080048255,85.85308324729095,1.952867602344454,10.906152468875337,19.463632669646486,1.3810216814085965,0.4422321549505621,855.8444480894285,-149.7704739525316,-950.7461432623973,-9.507461432623973,63,62.166666666666664,0.9704767063921993,9,2909,1744,0.8980150581793293,walk-forward TEST — config accepted on it
VAL,1.5,6759,10000.0,269948.42881339067,2599.484288133907,3824.8871648417053,70.17634156792113,29468.626508279674,61.95163513153007,37.04217447154837,54.50394077810021,1.8394369691817898,9.902882622414472,18.952507767421217,1.260860610264168,0.40109483651427724,980.836544274592,-181.91003731331907,-1198.9241233258726,-11.989241233258726,63,79.33333333333333,0.9766272189349112,62,3606,1565,0.8980150581793293,walk-forward TEST — config accepted on it
VAL,1.7500000000000002,6483,10000.0,370833.38592029386,3608.3338592029386,5489.666192014215,59.92101367231227,32878.31457440811,48.555521761572095,60.218171190088576,91.61504212921598,1.8754224850279468,10.70694369867955,19.049822612987814,1.3149336387516684,0.4140058614838809,1219.9008688380104,-218.32015760187673,-1231.113766420698,-12.311137664206981,63,62.25,0.9720851326341764,110,3953,1472,0.8980150581793293,walk-forward TEST — config accepted on it
VAL,2.0,6005,10000.0,378578.09418460657,3685.7809418460656,5619.8149632761615,71.42805447673281,33507.94517776821,54.94570908105479,51.601306641309726,78.67797890402821,1.8657980058300456,9.153537318073434,19.100749375520397,1.2894605790575986,0.41898417985012487,1431.4782219838667,-262.1093920195323,-1538.1541357028907,-15.381541357028908,63,81.75,0.9755244755244755,149,4366,1380,0.8980150581793293,walk-forward TEST — config accepted on it
VAL,2.5,5333,10000.0,539472.6748635501,5294.726748635501,8385.24044469932,55.89811644934056,37442.43504943009,38.6287569392149,94.72102254883696,150.00935590197767,2.510857071794542,8.520184551635566,19.42621413838365,1.3397743756062008,0.440652540783799,2015.2310251938977,-362.6499109232785,-1628.5081760288692,-16.28508176028869,63,47.541666666666664,0.962129733783277,391,5104,1242,0.8980150581793293,walk-forward TEST — config accepted on it
VAL,3.0,4590,10000.0,734849.4422623531,7248.494422623531,11871.182608973777,50.12383692495603,37585.02703708346,38.95447746585636,144.61172303061653,236.83706869342367,3.1427799748567202,8.143790926812043,19.564270152505447,1.415055079791394,0.4564270152505447,2751.940778217601,-473.020957902777,-1932.229446323679,-19.322294463236787,73,41.083333333333336,0.9573077760836419,697,5633,1097,0.8980150581793293,walk-forward TEST — config accepted on it
HOLDOUT,0.1,2054,10000.0,8019.92206158739,-19.8007793841261,-72.7445111749362,21.87175930679621,2245.152372995429,22.330207042995028,-0.9053126045499871,-3.3259560950056866,-9.836726070232574,-18.622236570580114,11.100292112950342,0.5472806651620828,-0.25219084712755596,10.498530164866331,-2.395258935379036,-11.783626397510696,-0.11783626397510696,84,49.541666666666664,0.9941605839416059,0,0,360,0.1697467488021903,genuinely untouched
HOLDOUT,0.2,2054,10000.0,6227.371370531371,-37.72628629468628,-93.85922996836273,40.79666317432192,4291.244140732176,41.452417466459984,-0.9247395095398836,-2.300659482058798,-10.036546439773815,-18.3984683968127,11.100292112950342,0.5547355441703821,-0.25219084712755596,20.614707399804235,-4.640077719947412,-23.701661807292645,-0.23701661807292643,84,49.541666666666664,0.9941605839416059,0,0,360,0.1697467488021903,genuinely untouched
HOLDOUT,0.25,2054,10000.0,5471.739106459448,-45.28260893540552,-97.1340881059079,48.57955201100438,5169.43443530053,49.28115193239173,-0.9321331107612514,-1.9994850525567798,-10.03990959102175,-18.465571938133706,11.100292112950342,0.5593378220131042,-0.25219084712755596,25.20954480479047,-5.627621636929227,-29.31185887307337,-0.29311858873073365,84,49.541666666666664,0.9941605839416059,0,0,360,0.1697467488021903,genuinely untouched
HOLDOUT,0.3,2046,10000.0,4885.388463923322,-51.146115360766785,-98.53017892200198,54.6703596287443,5892.081694479343,55.31961372259483,-0.9355364718302575,-1.8022595715685998,-9.770432805130651,-17.80557417747288,11.143695014662756,0.5700631780558754,-0.24926686217008798,29.74377961982908,-6.543560665235259,-35.113450849369144,-0.3511345084936915,84,49.541666666666664,0.9931607230092818,0,13,359,0.1697467488021903,genuinely untouched
HOLDOUT,0.5,2003,10000.0,3027.9324224735306,-69.7206757752647,-99.91222614200302,73.84553738048058,8549.183370430363,73.50290087451606,-0.9441420327952519,-1.3529893570577847,-8.631843894281873,-16.097392138277186,11.233150274588118,0.6002970462283448,-0.23914128806789814,46.53802178065097,-9.81053007771256,-58.10266035658645,-0.5810266035658646,83,49.5,0.9930139720558883,0,57,357,0.1697467488021903,genuinely untouched
HOLDOUT,0.75,1894,10000.0,2378.9631089910768,-76.21036891008923,-99.97880567848534,81.83765269984778,10719.360965954647,81.54803206906126,-0.9312384507117099,-1.2216724500294875,-6.412531410655491,-13.777435048579099,11.7740232312566,0.6694792288825516,-0.20591341077085534,69.22254316510663,-13.79872173358928,-87.37670759067832,-0.8737670759067833,80,49.541666666666664,0.9920844327176781,0,172,349,0.1697467488021903,genuinely untouched
HOLDOUT,1.0,1716,10000.0,2364.892004214135,-76.35107995785864,-99.97953359113828,85.04695394557429,12368.79741781844,83.67129159296628,-0.8977520818290499,-1.1755804170848974,-4.443962970851384,-12.2362327788208,11.48018648018648,0.7225814478706889,-0.22843822843822845,100.94859164344803,-18.11848620773213,-137.77241517346144,-1.3777241517346144,81,49.541666666666664,0.9912638322655795,0,380,308,0.1697467488021903,genuinely untouched
HOLDOUT,1.25,1627,10000.0,1302.9807807084885,-86.97019219291512,-99.99938907821189,91.13301203486775,13391.758693758049,90.95611441982442,-0.9543214939460146,-1.0972905080757327,-5.730618370542305,-14.999190753567056,11.309157959434541,0.6912069170806384,-0.23724646588813766,105.8018152466082,-19.518054902749423,-177.63796087412712,-1.776379608741271,78,49.416666666666664,0.992014742014742,0,525,289,0.1697467488021903,genuinely untouched
HOLDOUT,1.5,1496,10000.0,1653.1336636205458,-83.46866336379455,-99.99751714483436,89.31644218122348,13820.491243572034,89.12241461816741,-0.9345274097957937,-1.119586883475933,-3.4050357930453368,-9.646040040673835,11.831550802139038,0.7413664404760433,-0.19919786096256684,135.17557900123808,-24.467736026989076,-229.55563952844022,-2.295556395284402,77,49.416666666666664,0.9906479625918504,0,654,270,0.1697467488021903,genuinely untouched
HOLDOUT,1.7500000000000002,1374,10000.0,822.1218573936991,-91.778781426063,-99.99995947256527,94.97204382125916,15528.89291218129,94.87204286228402,-0.9663768171483601,-1.0529410071533136,-4.13695757067087,-12.571557345312716,11.644832605531295,0.7114466592848545,-0.19941775836972345,141.42902330679107,-26.199770899252783,-268.9228720637976,-2.689228720637976,65,49.416666666666664,0.9898181818181818,0,751,250,0.1697467488021903,genuinely untouched
HOLDOUT,2.0,1380,10000.0,495.96712901598386,-95.04032870984017,-99.99999793583376,96.59102702227594,14052.905280853938,96.57045009893778,-0.9839457311901431,-1.035292832250056,-3.3529297314616944,-10.586698013031414,11.014492753623188,0.6932395350629613,-0.24565217391304348,141.30198952961152,-25.229588989808608,-290.20013391243765,-2.9020013391243764,65,48.75,0.9934829833454019,0,804,239,0.1697467488021903,genuinely untouched
HOLDOUT,2.5,1185,10000.0,567.2931054047284,-94.32706894595272,-99.99999544467659,96.28029007123153,14683.710770388072,96.25480029328428,-0.9797131778079007,-1.038634131354331,-2.5635324202548557,-8.430340642153533,11.308016877637131,0.7205652609342215,-0.22616033755274262,181.51999281333283,-32.118350077623084,-315.56114702608807,-3.155611470260881,63,48.75,0.9924114671163575,4,986,212,0.1697467488021903,genuinely untouched
HOLDOUT,3.0,1037,10000.0,391.81843251745005,-96.08181567482549,-99.9999994851492,97.7835824454175,17286.187758478813,97.78937021894342,-0.9825966002877639,-1.022666555921787,-2.7474457911953745,-8.029484261027838,9.932497589199613,0.7237477404195763,-0.3365477338476374,244.39108448663407,-37.23818337216904,-447.2977592160694,-4.472977592160694,52,49.5,0.9932562620423893,39,1143,195,0.1697467488021903,genuinely untouched
FULL,0.1,23553,10000.0,71442.7010659342,614.427010659342,86.63315657014614,19.661459447354748,8297.05483223901,18.458231445213393,31.250325658912722,4.406242415631143,1.7181177152983136,9.235888771762088,18.226977455101263,1.3548686239636802,0.35757652952914704,54.64356103319554,-8.98972515314509,-157.43140775757354,-1.5743140775757354,114,421.4583333333333,0.9702386006623079,0,0,4784,3.1512662559890487,mixed
FULL,0.2,23549,10000.0,162289.61320388905,1522.8961320388905,142.13908062561043,36.73739092756113,16246.106074660347,34.51567906027592,41.45357341901989,3.869057574226776,1.7386494327659172,8.35175635005829,18.23007346384135,1.4059644921458512,0.3578071255679647,122.85580962903232,-19.481220270749212,-360.246494509453,-3.60246494509453,114,421.4583333333333,0.9704458598726114,0,4,4784,3.1512662559890487,mixed
FULL,0.25,23522,10000.0,207219.75412781088,1972.1975412781087,161.66565548373217,44.434267977044435,20339.14286239975,41.94147372543766,44.38460744524885,3.6383103141757984,1.673548758223527,7.699256381952781,18.250999064705383,1.418912588958376,0.3593657001955616,155.604357501569,-24.48331960197747,-459.8206478066692,-4.598206478066691,114,421.4583333333333,0.9700293329932407,0,36,4779,3.1512662559890487,mixed
FULL,0.3,23454,10000.0,259058.71332915156,2490.587133291516,180.87788406962,51.33139603743688,23627.833294113807,48.65304809532532,48.51976228106259,3.523728128058364,1.6308647213197895,7.374604353815207,18.274068389187345,1.4431807965788137,0.36143088598959666,189.22973494739102,-29.318652475759897,-563.5037096023533,-5.635037096023534,114,421.4583333333333,0.9696439991473034,0,109,4774,3.1512662559890487,mixed
FULL,0.5,22824,10000.0,392497.33828865545,3824.9733828865546,220.46204125336425,69.63009466006712,29958.292167809268,66.39127924873713,54.93276149572978,3.1661890211359904,1.500553088339061,5.970953585708828,18.14318261479145,1.4279925776404896,0.349851033999299,308.1859953267307,-47.834976628985544,-981.3901817742418,-9.813901817742417,100,421.4583333333333,0.9716538882803943,0,835,4668,3.1512662559890487,mixed
FULL,0.75,21590,10000.0,489189.51207196934,4791.895120719693,243.65798004062037,78.0489729818724,37971.03765345906,74.03981916089191,61.39600481139779,3.1218601697323067,1.3868708311568685,5.445628364869982,17.94349235757295,1.3826691010652408,0.33608151922186197,446.9331302756957,-70.68353096726551,-1157.496414738087,-11.57496414738087,83,421.4583333333333,0.9757306285026168,0,2152,4434,3.1512662559890487,mixed
FULL,1.0,20059,10000.0,572511.1127241999,5625.111127241999,261.24547252184004,84.27120950420284,39346.40553102817,79.53779169441981,66.7500936599404,3.100056045935961,1.3525875210759226,5.18011354980108,18.036791465177725,1.357171743499909,0.3445336258038786,590.772484052924,-95.79123742955294,-888.3746217443611,-8.883746217443612,79,421.4583333333333,0.9764207377866401,33,3907,4231,3.1512662559890487,mixed
FULL,1.25,18860,10000.0,675089.309997883,6650.893099978831,280.6415890507754,82.94873539825703,41014.946928264806,76.68392874304364,80.18076548179158,3.3833136539495987,1.3663086506883078,5.281357472327238,18.006362672322375,1.3623929446803342,0.3404029692470838,736.2663258274406,-118.6802336078703,-961.5145493923417,-9.615145493923418,79,390.8333333333333,0.9752929325062298,18,5444,3969,3.1512662559890487,mixed
FULL,1.5,17424,10000.0,632451.3339437201,6224.5133394372015,272.84205584083975,93.30106219079623,42032.147585400264,91.81738047298322,66.71428163066749,2.9243188601957257,1.3119911607512096,5.252373203155533,17.889118457300277,1.3238821911148448,0.3365472910927456,816.2644285869774,-134.3289920991045,-1226.3764294369914,-12.263764294369913,78,444.6666666666667,0.9789383070301291,66,7119,3632,3.1512662559890487,mixed
FULL,1.7500000000000002,16445,10000.0,475261.5857436759,4652.615857436758,240.5223926137603,95.4729979033719,43928.80259040854,94.8584614315312,48.73226943334978,2.519271395009432,1.3517097471122226,5.282681502001047,17.427789601702646,1.2486742828102169,0.30234113712374583,815.1533236656799,-137.78391927845658,-1480.1898931130302,-14.801898931130303,76,603.5416666666666,0.9857108111394868,157,8289,3362,3.1512662559890487,mixed
FULL,2.0,15420,10000.0,595607.4106215172,5856.074106215172,265.80781104321187,91.59019797207112,43374.48273285292,90.69293708506821,63.93778194475442,2.9021425537726806,1.328058358818457,5.188120188682608,17.457846952010375,1.265662834792344,0.30201037613488974,1036.3793079112154,-173.18712180039876,-1497.1945105508582,-14.971945105508583,68,417.1666666666667,0.9824914078205045,309,9303,3173,3.1512662559890487,mixed
FULL,2.5,13069,10000.0,643069.4465246935,6330.694465246936,274.81714813335105,94.1502707732242,47292.96591835236,92.94263425731924,67.24032138468739,2.918920422388286,1.4021461285771597,5.249326260948645,17.522381207437448,1.2733736187235107,0.3097406075445711,1287.7012520304936,-214.8405622622819,-1680.98741120915,-16.8098741120915,78,603.4166666666666,0.9809487375669472,681,11738,2645,3.1512662559890487,mixed
FULL,3.0,10247,10000.0,280456.68405776465,2704.5668405776464,188.0416170117794,99.25082008214753,47457.84271647566,98.06174145294328,27.249818574185493,1.8946102093276596,1.591499346858493,6.6001659999588345,17.273348297062554,1.1769030523297246,0.29159754074363226,1016.5525064113652,-180.35168718772584,-1799.896922093334,-17.998969220933343,70,853.625,0.9888758782201406,1665,13899,2091,3.1512662559890487,mixed
