variant,config,final,dd,n,hold,ratio,conc
live defaults,OLD-BASE fitted+fixed,91223.04361046958,71.43814831313694,23292,-12.436719244501692,1276.9514015202205,155.84487906275973
live defaults,CURRENT  fitted+trail,5744.236038194181,65.25187876794176,22520,-48.395725488123496,88.03173405355376,524.7704864890179
live defaults,GLOBAL   rr10a3+trail,17492.862361222684,46.99939186448255,18335,7.871428400421432,372.1933767071153,150.61949480774
live defaults,GLB-10/2 rr10a2+trail,9899.994757890085,56.073799040438054,21563,-15.523828499610538,176.5529521327889,279.1310160483233
REGIME OFF,OLD-BASE fitted+fixed,108426.06139502466,93.56963979497144,22554,-17.70431089928938,1158.7739530963934,145.4098054377535
REGIME OFF,CURRENT  fitted+trail,126.73377035786365,95.13824487713718,21606,-91.03723993691071,1.3321012020090275,
REGIME OFF,GLOBAL   rr10a3+trail,60396.227708268736,56.377855245757594,16932,-13.974631953235562,1071.2757242182163,93.0187009425241
REGIME OFF,GLB-10/2 rr10a2+trail,25341.381386934085,58.59025925982729,20716,-38.10733349606282,432.51867643312397,253.34186620616154
NO CAPS,OLD-BASE fitted+fixed,82153.5969256508,71.43814831313692,23495,-13.627607892401816,1149.9961696311686,172.62112944859845
NO CAPS,CURRENT  fitted+trail,5317.7309848935665,65.72822902260111,23000,-48.92009484675513,80.90482679922849,585.4243355450512
NO CAPS,GLOBAL   rr10a3+trail,19774.240606547624,48.19535909093936,19387,3.334105425282674,410.29345936059525,158.434811078269
NO CAPS,GLB-10/2 rr10a2+trail,5893.048402363125,65.92068115942065,22299,-17.247195792826943,89.39604838292779,417.04783958379437
NO BOOST,OLD-BASE fitted+fixed,82133.9543785071,68.25325231432689,23308,-13.047434229760068,1203.3705588160894,165.17181228647758
NO BOOST,CURRENT  fitted+trail,6290.31057388111,60.635165510640945,22560,-45.347503003876724,103.74030516626883,440.47923912830964
NO BOOST,GLOBAL   rr10a3+trail,15041.159097032949,47.02862841666017,18541,7.529969274872572,319.82984840154364,148.00895281888225
NO BOOST,GLB-10/2 rr10a2+trail,9889.566575502717,52.192333227097855,21687,-13.810434780099445,189.4831283451442,256.4608169996103
NO GATE,OLD-BASE fitted+fixed,88551.95473508247,78.67842749888023,25840,-12.974947386932822,1125.4921780985362,175.54213397570163
NO GATE,CURRENT  fitted+trail,8730.703086320567,70.36103081600464,25170,-45.01506230277176,124.08435443692564,457.7152822964171
NO GATE,GLOBAL   rr10a3+trail,37001.517892301476,44.43599946329355,20656,4.591565140477893,832.6923741833839,130.9922251080681
NO GATE,GLB-10/2 rr10a2+trail,27829.704810262363,57.62166797222948,23973,-9.765920553483587,482.9729126146569,192.37132068521413
FLAT RISK (no taper),OLD-BASE fitted+fixed,144761.46537528533,71.4381483131369,22776,-10.054476887752205,2026.3888243680142,179.77288543798494
FLAT RISK (no taper),CURRENT  fitted+trail,4574.807035231536,72.58854016818948,22397,-55.561326332917105,63.02381925069154,978.4263443868408
FLAT RISK (no taper),GLOBAL   rr10a3+trail,16821.783102465815,46.99939186448253,17830,-9.232944431977641,357.9149098560581,248.22087831641932
FLAT RISK (no taper),GLB-10/2 rr10a2+trail,6157.463027108636,56.60535321790984,21239,-31.46803708430317,108.77881113831519,517.9309276828346
REGIME OFF + NO CAPS,OLD-BASE fitted+fixed,82372.42137569409,94.19644123822934,23495,-23.2870808389505,874.4748771067531,192.03067807035532
REGIME OFF + NO CAPS,CURRENT  fitted+trail,267.1427339012735,94.11689936726087,23000,-89.88655039013388,2.838414096695165,
REGIME OFF + NO CAPS,GLOBAL   rr10a3+trail,35723.12646890459,69.95930935139144,19387,-20.437343081118765,510.6272031571176,162.30922829366773
REGIME OFF + NO CAPS,GLB-10/2 rr10a2+trail,32124.644904214132,66.67837518080839,22299,-31.7881064609578,481.7850587556063,231.19757936595278
ALL OFF,OLD-BASE fitted+fixed,81902.32199894321,97.72003611246896,26126,-22.21963784607961,838.1323345468204,198.23787529563094
ALL OFF,CURRENT  fitted+trail,776.1514378654131,91.46094886238868,25698,-86.83982999403844,8.486151166365042,
ALL OFF,GLOBAL   rr10a3+trail,71877.29989842122,70.28404247579014,21365,-10.838173684677221,1022.6688358624205,85.70503185889363
ALL OFF,GLB-10/2 rr10a2+trail,65779.40879304869,70.45485067028322,24732,-17.8314899644614,933.639176965759,133.44983012368905
HALT 7d,OLD-BASE fitted+fixed,60671.41933590578,71.43814831313692,22863,-17.586470768500963,849.2860015066877,216.43034471923696
HALT 7d,CURRENT  fitted+trail,5744.236038194181,65.25187876794176,22520,-48.395725488123496,88.03173405355376,524.7704864890179
HALT 7d,GLOBAL   rr10a3+trail,15299.618461934186,47.181809759222034,16542,4.790067300035172,324.26942798530024,145.03395104649707
HALT 7d,GLB-10/2 rr10a2+trail,9899.994757890085,56.073799040438054,21563,-15.523828499610538,176.5529521327889,279.1310160483233
HALT 21d,OLD-BASE fitted+fixed,57414.52482531875,68.04764015094827,21160,-5.4073609447246485,843.7401311486723,197.9151540787422
HALT 21d,CURRENT  fitted+trail,7523.525071824823,65.25187876794175,20686,-12.630957308699408,115.29974636563462,321.7275691762358
HALT 21d,GLOBAL   rr10a3+trail,17204.629384378863,46.99939186448253,15754,15.805408941240007,366.060680827243,104.48693639152367
HALT 21d,GLB-10/2 rr10a2+trail,11001.873793433355,56.07379904043805,19954,23.40063755610362,196.20346724678436,196.43847898496338
HALT 7d + REGIME OFF,OLD-BASE fitted+fixed,70463.14186400895,93.56963979497144,21993,-24.800015868742697,753.0556066947235,210.01346851320127
HALT 7d + REGIME OFF,CURRENT  fitted+trail,126.73377035786365,95.13824487713718,21606,-91.03723993691071,1.3321012020090275,
HALT 7d + REGIME OFF,GLOBAL   rr10a3+trail,42031.09783552951,56.506404708002776,15356,-18.971810438564994,743.8289173187621,120.06491789559463
HALT 7d + REGIME OFF,GLB-10/2 rr10a2+trail,25341.381386934085,58.59025925982729,20716,-38.10733349606282,432.51867643312397,253.34186620616154
HALT 21d + REGIME OFF,OLD-BASE fitted+fixed,59801.84083209499,94.78937776426191,20250,-5.035324848322453,630.8917965557303,224.54024236187266
HALT 21d + REGIME OFF,CURRENT  fitted+trail,466.1420677095116,88.67098047433475,19875,-50.76703651285048,5.25698560245912,
HALT 21d + REGIME OFF,GLOBAL   rr10a3+trail,39758.72598296914,64.43531126971355,14207,-4.273893332474987,617.0331949906616,94.30057653442718
HALT 21d + REGIME OFF,GLB-10/2 rr10a2+trail,23038.121631566402,58.54204046164592,19113,-15.91587976875064,393.53123754987547,234.82355307030068
