Config,SL,Trail,Filter,Cooldown,N,WR,Total_R,Avg_R,PF,Status
Fixed_2%|Trail_Tight_3R|All_Signals|CD5,Fixed_2%,Trail_Tight_3R,All_Signals,5,7017,69.74490523015534,1196.6866385417861,0.17054106292458118,1.536552466631061,✅
Fixed_3%|Static_1:4|Bearish_Only|CD5,Fixed_3%,Static_1:4,Bearish_Only,5,3805,33.42969776609724,994.9239187858919,0.2614780338464893,1.3902380267838832,✅
ATR_1x|Trail_Tight_3R|All_Signals|CD5,ATR_1x,Trail_Tight_3R,All_Signals,5,7017,72.43836397320791,988.8916756807597,0.14092798570340026,1.4895006434765696,✅
Fixed_2%|Trail_Tight|All_Signals|CD5,Fixed_2%,Trail_Tight,All_Signals,5,7017,69.74490523015534,983.5343271682234,0.14016450437056055,1.440982419509141,✅
Fixed_2%|Trail_Tight_3R|All_Signals|CD10,Fixed_2%,Trail_Tight_3R,All_Signals,10,5425,70.13824884792626,922.8071354325568,0.1701026977755865,1.5422811681227855,✅
ATR_1x|Trail_Tight|All_Signals|CD5,ATR_1x,Trail_Tight,All_Signals,5,7017,72.43836397320791,920.8400019037853,0.13122987058625984,1.455815115604616,✅
Fixed_3%|Trail_Tight_3R|All_Signals|CD5,Fixed_3%,Trail_Tight_3R,All_Signals,5,7017,73.60695453897677,903.4468460027791,0.1287511537698132,1.4788623110698782,✅
Fixed_2%|Trail_Medium_3R|All_Signals|CD5,Fixed_2%,Trail_Medium_3R,All_Signals,5,7017,63.48867037195382,891.3003147953566,0.12702013891910455,1.3324073056641161,✅
Fixed_3%|Static_1:3|Bearish_Only|CD5,Fixed_3%,Static_1:3,Bearish_Only,5,3805,35.9526938239159,886.6871688200979,0.2330321074428641,1.360878480227299,✅
ATR_2x|Static_1:4|Bearish_Only|CD5,ATR_2x,Static_1:4,Bearish_Only,5,3805,31.773981603153743,855.5431760184806,0.2248470896237794,1.3236378213470281,✅
Fixed_3%|Static_1:4|Bearish_Only|CD10,Fixed_3%,Static_1:4,Bearish_Only,10,3142,33.290897517504774,802.2623762596501,0.25533493833852644,1.3806598126062466,✅
Fixed_3%|Trail_Tight|All_Signals|CD5,Fixed_3%,Trail_Tight,All_Signals,5,7017,73.60695453897677,797.6397597503759,0.11367247538127062,1.422780399804633,✅
Fixed_2%|Trail_Tight_3R|All_Signals|CD15,Fixed_2%,Trail_Tight_3R,All_Signals,15,4764,70.10915197313182,793.6323432290128,0.1665894927013041,1.5309220405990238,✅
ATR_1x|Trail_Tight_3R|All_Signals|CD10,ATR_1x,Trail_Tight_3R,All_Signals,10,5425,72.7741935483871,766.2344731458576,0.14124137753840693,1.4967380831063475,✅
Fixed_2%|Trail_Tight|All_Signals|CD10,Fixed_2%,Trail_Tight,All_Signals,10,5425,70.13824884792626,764.0351357376707,0.1408359697212296,1.448979911387949,✅
Fixed_2%|Static_1:4|Bearish_Only|CD5,Fixed_2%,Static_1:4,Bearish_Only,5,3805,27.595269382391592,752.4938521985576,0.19776448152393106,1.2615354987246923,✅
ATR_1.5x|Trail_Tight_3R|All_Signals|CD5,ATR_1.5x,Trail_Tight_3R,All_Signals,5,7017,73.82072110588571,737.0860829947709,0.1050429076520979,1.386315192525814,✅
Fixed_2%|Trail_Tight_3R|Bearish_Only|CD5,Fixed_2%,Trail_Tight_3R,Bearish_Only,5,3805,71.48488830486203,714.9995204424733,0.18791051785610338,1.6278381736198224,✅
Fixed_3%|Trail_Medium_3R|All_Signals|CD5,Fixed_3%,Trail_Medium_3R,All_Signals,5,7017,66.12512469716403,712.286346237503,0.1015086712608669,1.2947541290870463,✅
ATR_1x|Trail_Tight|All_Signals|CD10,ATR_1x,Trail_Tight,All_Signals,10,5425,72.7741935483871,711.3689834998204,0.13112792322577335,1.4611696257860067,✅
Fixed_3%|Static_1:3|Bearish_Only|CD10,Fixed_3%,Static_1:3,Bearish_Only,10,3142,35.80521960534691,711.3632979934872,0.2264046142563613,1.3499993984712528,✅
Fixed_3%|Static_1:4|Bearish_Only|CD15,Fixed_3%,Static_1:4,Bearish_Only,15,2879,33.10177144841959,709.5444505633263,0.24645517560379518,1.3665861622081732,✅
ATR_1x|Trail_Medium_3R|All_Signals|CD5,ATR_1x,Trail_Medium_3R,All_Signals,5,7017,65.5835827276614,709.0589133470064,0.1010487264282466,1.282109402398099,✅
ATR_1.5x|Trail_Tight|All_Signals|CD5,ATR_1.5x,Trail_Tight,All_Signals,5,7017,73.82072110588571,701.7337694455589,0.10000481251896236,1.3677866432422532,✅
Fixed_3%|Trail_Tight_3R|All_Signals|CD10,Fixed_3%,Trail_Tight_3R,All_Signals,10,5425,74.04608294930875,695.5413220358884,0.12821038194209924,1.4849060215634562,✅
ATR_1x|Static_1:4|Bearish_Only|CD5,ATR_1x,Static_1:4,Bearish_Only,5,3805,27.3850197109067,687.0479884006214,0.18056451731948,1.2392695028248344,✅
ATR_1.5x|Static_1:4|Bearish_Only|CD5,ATR_1.5x,Static_1:4,Bearish_Only,5,3805,28.462549277266753,685.8167518911507,0.18024093347993447,1.244240634932651,✅
ATR_2x|Static_1:4|Bearish_Only|CD10,ATR_2x,Static_1:4,Bearish_Only,10,3142,31.57224697644812,684.5903862772487,0.217883636625477,1.313171142656009,✅
Fixed_2%|Trail_Medium|All_Signals|CD5,Fixed_2%,Trail_Medium,All_Signals,5,7017,63.48867037195382,681.0088370501344,0.09705128075390258,1.253979841473832,✅
Fixed_2%|Trail_Medium_3R|All_Signals|CD10,Fixed_2%,Trail_Medium_3R,All_Signals,10,5425,63.79723502304147,674.3492172043008,0.12430400317129968,1.3279949073178248,✅
Fixed_2%|Trail_Tight|All_Signals|CD15,Fixed_2%,Trail_Tight,All_Signals,15,4764,70.10915197313182,650.0738381337864,0.13645546560322971,1.43488465613408,✅
ATR_1x|Trail_Tight_3R|All_Signals|CD15,ATR_1x,Trail_Tight_3R,All_Signals,15,4764,72.62804366078926,647.5413624128839,0.13592387959968177,1.4757403472625492,✅
ATR_1x|Trail_Medium|All_Signals|CD5,ATR_1x,Trail_Medium,All_Signals,5,7017,65.5835827276614,627.8026206681859,0.08946880727778052,1.249780404430218,✅
ATR_2x|Trail_Tight_3R|All_Signals|CD5,ATR_2x,Trail_Tight_3R,All_Signals,5,7017,75.63061137238137,619.746039209449,0.08832065543814294,1.3512233442457944,✅
Fixed_2%|Trail_Tight_3R|Hidden_Only|CD5,Fixed_2%,Trail_Tight_3R,Hidden_Only,5,4203,68.68903164406377,619.4097334524325,0.14737324136389068,1.4485674334641663,✅
Fixed_2%|Trail_Tight|Bearish_Only|CD5,Fixed_2%,Trail_Tight,Bearish_Only,5,3805,71.48488830486203,615.9479067154981,0.16187855629842263,1.540861354085804,✅
Fixed_3%|Static_1:3|Bearish_Only|CD15,Fixed_3%,Static_1:3,Bearish_Only,15,2879,35.49843695727683,615.3007065815424,0.21372028710716998,1.3290720085444883,✅
Fixed_3%|Trail_Tight|All_Signals|CD10,Fixed_3%,Trail_Tight,All_Signals,10,5425,74.04608294930875,614.6878750603754,0.11330652074845629,1.4285379495877706,✅
Fixed_2%|Trail_Medium_3R|Bearish_Only|CD5,Fixed_2%,Trail_Medium_3R,Bearish_Only,5,3805,65.83442838370564,608.5078082268993,0.15992320846961874,1.447550002892702,✅
ATR_2x|Trail_Tight|All_Signals|CD5,ATR_2x,Trail_Tight,All_Signals,5,7017,75.63061137238137,599.0572025582954,0.08537226771530504,1.3394985377324005,✅
ATR_1x|Trail_Tight|All_Signals|CD15,ATR_1x,Trail_Tight,All_Signals,15,4764,72.62804366078926,597.7206702887776,0.12546613566095247,1.4391377227079372,✅
Fixed_3%|Trail_Medium|All_Signals|CD5,Fixed_3%,Trail_Medium,All_Signals,5,7017,66.12512469716403,597.3987185480353,0.08513591542654059,1.2472120095148256,✅
ATR_1x|Trail_Tight_3R|Bearish_Only|CD5,ATR_1x,Trail_Tight_3R,Bearish_Only,5,3805,73.82391590013141,596.907117031015,0.15687440657845333,1.5742031326311767,✅
Fixed_3%|Trail_Tight_3R|All_Signals|CD15,Fixed_3%,Trail_Tight_3R,All_Signals,15,4764,73.84550797649034,596.4436901661657,0.12519808777627323,1.4699703398283097,✅
Fixed_2%|Trail_Tight_3R|Bearish_Only|CD10,Fixed_2%,Trail_Tight_3R,Bearish_Only,10,3142,71.16486314449395,587.8913923869152,0.18710738140894817,1.618355690698182,✅
Fixed_2%|Trail_Medium_3R|All_Signals|CD15,Fixed_2%,Trail_Medium_3R,All_Signals,15,4764,63.7489504617968,585.5393676745836,0.12290918716930806,1.3240344490411362,✅
ATR_2x|Static_1:4|Bearish_Only|CD15,ATR_2x,Static_1:4,Bearish_Only,15,2879,31.26085446335533,585.5070151600961,0.20337166209103721,1.2906069092539325,✅
ATR_1x|Trail_Tight|Bearish_Only|CD5,ATR_1x,Trail_Tight,Bearish_Only,5,3805,73.82391590013141,570.7584211989641,0.15000221319289464,1.5490490297019561,✅
ATR_2x|Static_1:4|All_Signals|CD5,ATR_2x,Static_1:4,All_Signals,5,7017,28.915490950548666,562.190409950854,0.08011834258954739,1.1108294974267823,✅
Fixed_3%|Trail_Tight_3R|Bearish_Only|CD5,Fixed_3%,Trail_Tight_3R,Bearish_Only,5,3805,75.37450722733246,555.7207717815044,0.14605013713048734,1.5844104012987348,✅
ATR_1.5x|Trail_Tight_3R|All_Signals|CD10,ATR_1.5x,Trail_Tight_3R,All_Signals,10,5425,73.88018433179724,549.718207955783,0.10133054524530562,1.3735757697858637,✅
Fixed_3%|Trail_Medium_3R|All_Signals|CD10,Fixed_3%,Trail_Medium_3R,All_Signals,10,5425,66.4331797235023,548.5632124119319,0.1011176428409091,1.2962439489906985,✅
ATR_2x|Static_1:3|Bearish_Only|CD5,ATR_2x,Static_1:3,Bearish_Only,5,3805,33.16688567674113,547.7183707342988,0.14394700939140573,1.211167356159798,✅
Fixed_2%|Static_1:4|Bearish_Only|CD10,Fixed_2%,Static_1:4,Bearish_Only,10,3142,27.148313176320816,547.4534429667833,0.17423725110336832,1.2292126725525427,✅
ATR_1x|Trail_Medium_3R|All_Signals|CD10,ATR_1x,Trail_Medium_3R,All_Signals,10,5425,65.82488479262672,543.8288403691897,0.1002449475334912,1.281789829070552,✅
Fixed_2%|Trail_Loose|All_Signals|CD5,Fixed_2%,Trail_Loose,All_Signals,5,7017,58.11600399030925,530.7997588538251,0.07564482811084866,1.1726168753013844,✅
Fixed_3%|Static_1:4|Hidden_Bearish|CD5,Fixed_3%,Static_1:4,Hidden_Bearish,5,2247,32.22073876279484,529.6838979829062,0.23572937159897916,1.3450652241789578,✅
Fixed_3%|Trail_Tight|All_Signals|CD15,Fixed_3%,Trail_Tight,All_Signals,15,4764,73.84550797649034,525.651336339463,0.11033823180929114,1.4141892038489725,✅
ATR_1.5x|Trail_Tight|All_Signals|CD10,ATR_1.5x,Trail_Tight,All_Signals,10,5425,73.88018433179724,523.5578688285111,0.0965083629176979,1.355797808848984,✅
Fixed_2%|Trail_Medium|All_Signals|CD10,Fixed_2%,Trail_Medium,All_Signals,10,5425,63.79723502304147,521.2676900982946,0.09608621015636766,1.2535379938756186,✅
ATR_1.5x|Static_1:4|All_Signals|CD5,ATR_1.5x,Static_1:4,All_Signals,5,7017,26.59256092347157,519.6343926105343,0.07405364010410921,1.0978857897212668,✅
ATR_1x|Trail_Tight_3R|Hidden_Only|CD5,ATR_1x,Trail_Tight_3R,Hidden_Only,5,4203,71.3775874375446,517.902103640644,0.1232220089556612,1.4123689865651063,✅
Fixed_3%|Static_1:4|All_Signals|CD5,Fixed_3%,Static_1:4,All_Signals,5,7017,29.229015248681772,517.2073607171426,0.07370776125368998,1.1032367493460185,✅
ATR_1.5x|Static_1:4|Bearish_Only|CD10,ATR_1.5x,Static_1:4,Bearish_Only,10,3142,28.134945894334816,514.4339940408966,0.16372819670302247,1.2211317564754745,✅
ATR_1x|Static_1:4|Bearish_Only|CD10,ATR_1x,Static_1:4,Bearish_Only,10,3142,27.052832590706554,514.0078844114666,0.16359257937984298,1.216007508282731,✅
Fixed_3%|Trail_Tight|Bearish_Only|CD5,Fixed_3%,Trail_Tight,Bearish_Only,5,3805,75.37450722733246,513.5743813075816,0.13497355619121723,1.540088162108008,✅
Fixed_2%|Trail_Medium|Bearish_Only|CD5,Fixed_2%,Trail_Medium,Bearish_Only,5,3805,65.83442838370564,510.40654436714584,0.13414101034616185,1.3753977308419274,✅
Fixed_3%|Trail_Medium_3R|Bearish_Only|CD5,Fixed_3%,Trail_Medium_3R,Bearish_Only,5,3805,68.38370565045993,507.1248003356835,0.13327852834052129,1.4145404566781052,✅
Fixed_3%|Trail_Tight_3R|Hidden_Only|CD5,Fixed_3%,Trail_Tight_3R,Hidden_Only,5,4203,73.25719724006662,506.4200989390809,0.12049014964051413,1.4436643269759242,✅
ATR_1x|Trail_Medium_3R|Bearish_Only|CD5,ATR_1x,Trail_Medium_3R,Bearish_Only,5,3805,67.64783180026282,505.93604487079705,0.132966109033061,1.3950943326479992,✅
Fixed_2%|Trail_Tight|Bearish_Only|CD10,Fixed_2%,Trail_Tight,Bearish_Only,10,3142,71.16486314449395,505.03351156270094,0.16073631812944014,1.5312041474193874,✅
Fixed_3%|Static_1:4|All_Signals|CD10,Fixed_3%,Static_1:4,All_Signals,10,5425,29.898617511520737,504.62264819158906,0.09301799966665236,1.131711193911979,✅
ATR_1.5x|Trail_Medium_3R|All_Signals|CD5,ATR_1.5x,Trail_Medium_3R,All_Signals,5,7017,66.41014678637595,503.43725145754576,0.07174536859876668,1.2064298222505012,✅
Fixed_3%|Static_1:3|Hidden_Bearish|CD5,Fixed_3%,Static_1:3,Hidden_Bearish,5,2247,35.06898086337339,500.69734668935473,0.22282925976384277,1.3395012484648168,✅
Fixed_2%|Trail_Tight_3R|Bearish_Only|CD15,Fixed_2%,Trail_Tight_3R,Bearish_Only,15,2879,70.58006252170892,497.48455727021644,0.17279769269545553,1.5594908581388847,✅
ATR_1x|Trail_Tight_3R|Bearish_Only|CD10,ATR_1x,Trail_Tight_3R,Bearish_Only,10,3142,73.61553150859325,496.0368838828701,0.15787297386469448,1.573488773421778,✅
Fixed_2%|Trail_Tight|Hidden_Only|CD5,Fixed_2%,Trail_Tight,Hidden_Only,5,4203,68.68903164406377,495.6461209367685,0.11792674778414669,1.3589396426431122,✅
Fixed_2%|Static_1:4|All_Signals|CD5,Fixed_2%,Static_1:4,All_Signals,5,7017,25.366965939860336,484.0825086604487,0.06898710398467275,1.088487495685785,✅
Fixed_2%|Trail_Medium_3R|Bearish_Only|CD10,Fixed_2%,Trail_Medium_3R,Bearish_Only,10,3142,65.40420114576703,483.81280985271997,0.15398243470805856,1.4257874498035625,✅
ATR_2x|Static_1:4|All_Signals|CD10,ATR_2x,Static_1:4,All_Signals,10,5425,29.29032258064516,481.3371833945264,0.08872574809115694,1.1234024676886152,✅
Fixed_3%|Static_1:2|Bearish_Only|CD5,Fixed_3%,Static_1:2,Bearish_Only,5,3805,40.26281208935611,480.8487717631409,0.12637287037139053,1.2095657354049894,✅
ATR_1x|Trail_Medium|All_Signals|CD10,ATR_1x,Trail_Medium,All_Signals,10,5425,65.82488479262672,480.72814268334486,0.08861348252227555,1.2490936322247663,✅
ATR_2x|Trail_Tight_3R|All_Signals|CD10,ATR_2x,Trail_Tight_3R,All_Signals,10,5425,75.85253456221199,479.9789378375345,0.08847538024655013,1.3551726726708415,✅
Fixed_3%|Static_1:3|All_Signals|CD5,Fixed_3%,Static_1:3,All_Signals,5,7017,31.936725096194955,476.7214368500968,0.06793806995156004,1.0987960808598694,✅
Fixed_2%|Trail_Tight_3R|Hidden_Only|CD10,Fixed_2%,Trail_Tight_3R,Hidden_Only,10,3369,68.59602255862274,475.5926516985002,0.14116730534238653,1.4283760087904298,✅
Fixed_3%|Trail_Medium_3R|All_Signals|CD15,Fixed_3%,Trail_Medium_3R,All_Signals,15,4764,66.30982367758187,475.33343081446,0.09977611897868598,1.2915125650917887,✅
ATR_1x|Trail_Tight|Hidden_Only|CD5,ATR_1x,Trail_Tight,Hidden_Only,5,4203,71.3775874375446,475.10809480115375,0.11304023192984862,1.3782951298803265,✅
ATR_1x|Trail_Tight|Bearish_Only|CD10,ATR_1x,Trail_Tight,Bearish_Only,10,3142,73.61553150859325,472.45836495860044,0.1503686712153407,1.5462286717310858,✅
Fixed_2%|Trail_Loose|Bearish_Only|CD5,Fixed_2%,Trail_Loose,Bearish_Only,5,3805,60.65703022339027,471.31492989137445,0.12386726146948081,1.3006837814024306,✅
ATR_1.5x|Trail_Tight_3R|Bearish_Only|CD5,ATR_1.5x,Trail_Tight_3R,Bearish_Only,5,3805,75.50591327201052,470.9867865588841,0.12378102143466073,1.4867939186536325,✅
ATR_1x|Trail_Medium|Bearish_Only|CD5,ATR_1x,Trail_Medium,Bearish_Only,5,3805,67.64783180026282,469.3715860909797,0.1233565272249618,1.3665405053674462,✅
ATR_1.5x|Trail_Tight_3R|All_Signals|CD15,ATR_1.5x,Trail_Tight_3R,All_Signals,15,4764,73.7615449202351,466.79008433381665,0.09798280527578015,1.3598210247822757,✅
ATR_1x|Trail_Medium_3R|All_Signals|CD15,ATR_1x,Trail_Medium_3R,All_Signals,15,4764,65.7010915197313,464.80542572736283,0.0975662102702273,1.2733594516174025,✅
ATR_2x|Trail_Tight|All_Signals|CD10,ATR_2x,Trail_Tight,All_Signals,10,5425,75.85253456221199,464.75476331369913,0.08566908079515191,1.3439071559396296,✅
Fixed_2%|Static_1:3|Bearish_Only|CD5,Fixed_2%,Static_1:3,Bearish_Only,5,3805,30.775295663600527,461.2664250131173,0.12122639290752098,1.167631035101723,✅
Fixed_3%|Trail_Medium|All_Signals|CD10,Fixed_3%,Trail_Medium,All_Signals,10,5425,66.4331797235023,461.1653732919279,0.08500744208146137,1.249045959026476,✅
ATR_1.5x|Static_1:4|Bearish_Only|CD15,ATR_1.5x,Static_1:4,Bearish_Only,15,2879,28.100034734282737,459.16502820686117,0.15948767912707926,1.2151291239724689,✅
ATR_1.5x|Trail_Tight|Bearish_Only|CD5,ATR_1.5x,Trail_Tight,Bearish_Only,5,3805,75.50591327201052,457.55111593585417,0.12024996476632173,1.4729073236599404,✅
Fixed_3%|Trail_Medium|Bearish_Only|CD5,Fixed_3%,Trail_Medium,Bearish_Only,5,3805,68.38370565045993,457.1881005865564,0.12015455994390445,1.3737205592775115,✅
ATR_1x|Static_1:4|All_Signals|CD5,ATR_1x,Static_1:4,All_Signals,5,7017,25.43822146216332,454.6040796428363,0.06478610227203026,1.0836452102845502,✅
Fixed_3%|Trail_Tight_3R|Bearish_Only|CD10,Fixed_3%,Trail_Tight_3R,Bearish_Only,10,3142,75.04774029280713,454.5214144735323,0.14465990276051313,1.5723017518852354,✅
ATR_1x|Trail_Loose|All_Signals|CD5,ATR_1x,Trail_Loose,All_Signals,5,7017,59.64087216759298,452.5827367814495,0.06449803858934723,1.1535562711223573,✅
ATR_1.5x|Trail_Medium|All_Signals|CD5,ATR_1.5x,Trail_Medium,All_Signals,5,7017,66.41014678637595,452.3029638067871,0.06445816785047558,1.185462677129452,✅
Fixed_3%|Trail_Tight|Hidden_Only|CD5,Fixed_3%,Trail_Tight,Hidden_Only,5,4203,73.25719724006662,448.49281101137046,0.10670778277691421,1.392915410679302,✅
Fixed_2%|Trail_Medium|All_Signals|CD15,Fixed_2%,Trail_Medium,All_Signals,15,4764,63.7489504617968,446.4431171856639,0.09371182140757009,1.247059305474167,✅
Fixed_2%|Trail_Medium_3R|Hidden_Only|CD5,Fixed_2%,Trail_Medium_3R,Hidden_Only,5,4203,62.26504877468475,443.7735370312836,0.10558494813972961,1.2676001682052065,✅
ATR_1.5x|Trail_Tight|All_Signals|CD15,ATR_1.5x,Trail_Tight,All_Signals,15,4764,73.7615449202351,442.2820928637384,0.09283839060951687,1.340929255436523,✅
Fixed_3%|Static_1:3|All_Signals|CD10,Fixed_3%,Static_1:3,All_Signals,10,5425,32.40552995391705,438.66698615208117,0.08086027394508409,1.118556512299748,✅
Fixed_2%|Static_1:4|Bearish_Only|CD15,Fixed_2%,Static_1:4,Bearish_Only,15,2879,26.675929142063215,432.0774147490799,0.1500789908819312,1.1960197425043606,✅
ATR_1.5x|Static_1:4|All_Signals|CD10,ATR_1.5x,Static_1:4,All_Signals,10,5425,26.783410138248847,423.32890414314926,0.0780329777222395,1.1034075030966177,✅
Fixed_2%|Trail_Tight|Bearish_Only|CD15,Fixed_2%,Trail_Tight,Bearish_Only,15,2879,70.58006252170892,421.681266846086,0.1464679634755422,1.4742394721624763,✅
ATR_1x|Static_1:4|Bearish_Only|CD15,ATR_1x,Static_1:4,Bearish_Only,15,2879,26.71066342480028,419.10763797595,0.14557403194718652,1.1911756565152305,✅
Fixed_3%|Trail_Tight|Bearish_Only|CD10,Fixed_3%,Trail_Tight,Bearish_Only,10,3142,75.04774029280713,417.66926705842013,0.1329310207060535,1.5259000910287706,✅
Fixed_3%|Trail_Medium_3R|Hidden_Only|CD5,Fixed_3%,Trail_Medium_3R,Hidden_Only,5,4203,65.40566262193671,413.8617750329089,0.09846818344822958,1.2808666118078866,✅
Fixed_3%|Static_1:4|All_Signals|CD15,Fixed_3%,Static_1:4,All_Signals,15,4764,29.848866498740556,410.47872263551534,0.08616262020056997,1.1220917913121577,✅
ATR_1x|Trail_Loose|Bearish_Only|CD5,ATR_1x,Trail_Loose,Bearish_Only,5,3805,61.94480946123522,409.6538782826832,0.1076619916643057,1.2715586299009416,✅
ATR_2x|Static_1:3|Bearish_Only|CD10,ATR_2x,Static_1:3,Bearish_Only,10,3142,32.781667727562066,409.2378527409681,0.13024756611743096,1.1902402014686069,✅
ATR_1.5x|Static_1:3|Bearish_Only|CD5,ATR_1.5x,Static_1:3,Bearish_Only,5,3805,30.801576872536135,409.20739603502204,0.10754465073193746,1.1505855984366262,✅
Fixed_2%|Trail_Tight_3R|Hidden_Only|CD15,Fixed_2%,Trail_Tight_3R,Hidden_Only,15,3137,68.18616512591647,409.1675529308856,0.1304327551580764,1.3908716347497407,✅
ATR_1x|Trail_Tight_3R|Bearish_Only|CD15,ATR_1x,Trail_Tight_3R,Bearish_Only,15,2879,73.01146231330323,408.63303961131925,0.14193575533564406,1.503780756049762,✅
ATR_1x|Trail_Medium|All_Signals|CD15,ATR_1x,Trail_Medium,All_Signals,15,4764,65.7010915197313,407.9113649420028,0.08562371220445063,1.2398991510362816,✅
ATR_1x|Trail_Medium_3R|Bearish_Only|CD10,ATR_1x,Trail_Medium_3R,Bearish_Only,10,3142,67.40929344366646,406.29105001364155,0.12930969128378153,1.3816633523378568,✅
ATR_2x|Trail_Medium_3R|All_Signals|CD5,ATR_2x,Trail_Medium_3R,All_Signals,5,7017,67.13695311386633,405.55935642224074,0.05779668753345315,1.171170772595907,✅
Fixed_3%|Static_1:4|Hidden_Bearish|CD10,Fixed_3%,Static_1:4,Hidden_Bearish,10,1855,31.91374663072776,405.31913011567286,0.2185008787685568,1.3181392310376265,✅
Fixed_2%|Trail_Medium|Bearish_Only|CD10,Fixed_2%,Trail_Medium,Bearish_Only,10,3142,65.40420114576703,404.834486130279,0.12884611270855476,1.3562812722846702,✅
Fixed_3%|Trail_Medium_3R|Bearish_Only|CD10,Fixed_3%,Trail_Medium_3R,Bearish_Only,10,3142,68.14131126670911,401.07856125262606,0.12765071968574987,1.3946709779248092,✅
ATR_1x|Static_1:3|Bearish_Only|CD5,ATR_1x,Static_1:3,Bearish_Only,5,3805,30.35479632063075,400.57457925260064,0.1052758421163208,1.145394637567419,✅
ATR_2x|Trail_Tight_3R|All_Signals|CD15,ATR_2x,Trail_Tight_3R,All_Signals,15,4764,75.56675062972292,400.55850238964456,0.08408029017414873,1.3338914610611963,✅
ATR_2x|Static_1:4|Hidden_Bearish|CD5,ATR_2x,Static_1:4,Hidden_Bearish,5,2247,29.862038273253226,400.2798005932293,0.17813965313450347,1.249568951366555,✅
Fixed_2%|Trail_Medium_3R|Bearish_Only|CD15,Fixed_2%,Trail_Medium_3R,Bearish_Only,15,2879,64.84890587009379,399.16312382480174,0.13864644801139345,1.3772487796766473,✅
Fixed_3%|Trail_Medium|All_Signals|CD15,Fixed_3%,Trail_Medium,All_Signals,15,4764,66.30982367758187,399.04454381775184,0.08376249870229888,1.2447261038527797,✅
Fixed_3%|Trail_Tight_3R|Hidden_Only|CD10,Fixed_3%,Trail_Tight_3R,Hidden_Only,10,3369,73.4639358860196,399.0137797161942,0.1184368595180155,1.4392679707386529,✅
ATR_1x|Trail_Tight_3R|Hidden_Only|CD10,ATR_1x,Trail_Tight_3R,Hidden_Only,10,3369,71.32680320569902,397.9599231733556,0.11812404962106132,1.3945747574068814,✅
Fixed_3%|Static_1:2|Bearish_Only|CD10,Fixed_3%,Static_1:2,Bearish_Only,10,3142,40.22915340547422,395.51777384289204,0.12588089555789053,1.2089609640300651,✅
ATR_1.5x|Trail_Tight_3R|Hidden_Only|CD5,ATR_1.5x,Trail_Tight_3R,Hidden_Only,5,4203,73.32857482750417,394.24003359892697,0.09379967489862645,1.3386056174404009,✅
Fixed_3%|Static_1:3|Hidden_Bearish|CD10,Fixed_3%,Static_1:3,Hidden_Bearish,10,1855,34.87870619946092,391.4795252483468,0.21104017533603603,1.3201150130227846,✅
Fixed_2%|Trail_Loose|All_Signals|CD10,Fixed_2%,Trail_Loose,All_Signals,10,5425,58.19354838709677,389.1365018206612,0.07173023075035229,1.1639034721754162,✅
Fixed_2%|Static_1:4|All_Signals|CD10,Fixed_2%,Static_1:4,All_Signals,10,5425,25.493087557603687,388.0783415914106,0.0715351781735319,1.0919242895969523,✅
ATR_1x|Trail_Tight|Bearish_Only|CD15,ATR_1x,Trail_Tight,Bearish_Only,15,2879,73.01146231330323,387.8394312113483,0.1347132446027608,1.4781454824783846,✅
Fixed_3%|Trail_Tight_3R|Bearish_Only|CD15,Fixed_3%,Trail_Tight_3R,Bearish_Only,15,2879,74.53977075373393,386.536872561657,0.13426081019856095,1.5207521442040153,✅
ATR_2x|Trail_Tight|All_Signals|CD15,ATR_2x,Trail_Tight,All_Signals,15,4764,75.56675062972292,385.74271859734324,0.08097034395410227,1.3215415454616875,✅
ATR_1x|Static_1:4|All_Signals|CD10,ATR_1x,Static_1:4,All_Signals,10,5425,25.640552995391708,381.7968844929307,0.07037730589731442,1.0910898906443114,✅
Fixed_3%|Trail_Loose|Bearish_Only|CD5,Fixed_3%,Trail_Loose,Bearish_Only,5,3805,61.57687253613666,380.05944692590805,0.09988421732612564,1.2556711680521904,✅
Fixed_2%|Trail_Tight|Hidden_Only|CD10,Fixed_2%,Trail_Tight,Hidden_Only,10,3369,68.59602255862274,379.99551215548297,0.1127917815836993,1.3422697139539417,✅
ATR_1.5x|Trail_Tight_3R|Bearish_Only|CD10,ATR_1.5x,Trail_Tight_3R,Bearish_Only,10,3142,75.17504774029281,378.16172748829143,0.12035701065827226,1.4671518031934565,✅
ATR_1x|Trail_Medium|Bearish_Only|CD10,ATR_1x,Trail_Medium,Bearish_Only,10,3142,67.40929344366646,377.53521960386695,0.12015761285928292,1.3546505824698403,✅
ATR_1.5x|Trail_Tight|Hidden_Only|CD5,ATR_1.5x,Trail_Tight,Hidden_Only,5,4203,73.32857482750417,374.6225589439952,0.08913218152367243,1.3217565241164284,✅
ATR_2x|Trail_Tight_3R|Bearish_Only|CD5,ATR_2x,Trail_Tight_3R,Bearish_Only,5,3805,76.8988173455979,374.26498609635115,0.09836136296881764,1.412672431756093,✅
Fixed_2%|Static_1:4|Hidden_Bearish|CD5,Fixed_2%,Static_1:4,Hidden_Bearish,5,2247,26.21272808188696,372.0265485244143,0.16556588719377582,1.2148934711691886,✅
Fixed_3%|Trail_Loose|All_Signals|CD5,Fixed_3%,Trail_Loose,All_Signals,5,7017,59.05657688470857,371.2878787687861,0.052912623452869616,1.127060841481196,✅
ATR_2x|Trail_Medium|All_Signals|CD5,ATR_2x,Trail_Medium,All_Signals,5,7017,67.13695311386633,369.4555300137601,0.05265149351770844,1.1559327568476672,✅
ATR_2x|Static_1:4|All_Signals|CD15,ATR_2x,Static_1:4,All_Signals,15,4764,29.135180520570948,369.28688044696264,0.07751613779323313,1.107668814717561,✅
ATR_2x|Trail_Tight|Bearish_Only|CD5,ATR_2x,Trail_Tight,Bearish_Only,5,3805,76.8988173455979,366.9243190622438,0.09643214692831638,1.404578458159276,✅
ATR_1.5x|Trail_Tight|Bearish_Only|CD10,ATR_1.5x,Trail_Tight,Bearish_Only,10,3142,75.17504774029281,366.4397979410526,0.11662628833260744,1.4526714363904232,✅
ATR_1x|Trail_Tight|Hidden_Only|CD10,ATR_1x,Trail_Tight,Hidden_Only,10,3369,71.32680320569902,361.80852030651124,0.1073934462174269,1.358730869152111,✅
Fixed_3%|Trail_Medium|Bearish_Only|CD10,Fixed_3%,Trail_Medium,Bearish_Only,10,3142,68.14131126670911,359.889949641896,0.11454167716164736,1.3541403906677825,✅
ATR_1.5x|Trail_Medium_3R|All_Signals|CD10,ATR_1.5x,Trail_Medium_3R,All_Signals,10,5425,66.3963133640553,359.19186428013757,0.06621048189495624,1.1903995349179564,✅
ATR_1x|Trail_Medium_3R|Hidden_Only|CD5,ATR_1x,Trail_Medium_3R,Hidden_Only,5,4203,64.3587913395194,353.8197909472025,0.08418267688489234,1.227004661699811,✅
ATR_2x|Static_1:3|Bearish_Only|CD15,ATR_2x,Static_1:3,Bearish_Only,15,2879,32.58075720736367,353.6133796780017,0.12282507109343581,1.178658152830406,✅
ATR_1.5x|Trail_Medium_3R|Bearish_Only|CD5,ATR_1.5x,Trail_Medium_3R,Bearish_Only,5,3805,68.06833114323258,353.1103097392995,0.0928016582757686,1.2809303686944769,✅
ATR_2x|Static_1:4|Hidden_Only|CD5,ATR_2x,Static_1:4,Hidden_Only,5,4203,28.455864858434452,352.29010127414625,0.0838187250235894,1.1153780852155042,✅
Fixed_3%|Trail_Tight|Bearish_Only|CD15,Fixed_3%,Trail_Tight,Bearish_Only,15,2879,74.53977075373393,351.99975803552485,0.12226459118983149,1.4742228795444454,✅
Fixed_3%|Trail_Tight|Hidden_Only|CD10,Fixed_3%,Trail_Tight,Hidden_Only,10,3369,73.4639358860196,351.9002843917117,0.10445244416494856,1.3874014675308937,✅
Fixed_2%|Trail_Loose|All_Signals|CD15,Fixed_2%,Trail_Loose,All_Signals,15,4764,58.249370277078086,351.5673590582265,0.07379667486528683,1.1688735731878896,✅
Fixed_2%|Trail_Loose|Bearish_Only|CD10,Fixed_2%,Trail_Loose,Bearish_Only,10,3142,59.92998090388287,347.0185127213014,0.11044510271206283,1.2633441365648999,✅
Fixed_3%|Trail_Medium|Hidden_Only|CD5,Fixed_3%,Trail_Medium,Hidden_Only,5,4203,65.40566262193671,345.79434982691095,0.08227322146726408,1.234672765829782,✅
Fixed_3%|Static_1:4|Hidden_Bearish|CD15,Fixed_3%,Static_1:4,Hidden_Bearish,15,1756,31.492027334851937,345.48741298577653,0.1967468183290299,1.2849382412463475,✅
ATR_1x|Static_1:4|Hidden_Bearish|CD5,ATR_1x,Static_1:4,Hidden_Bearish,5,2247,26.034712950600802,345.44595299121573,0.15373651668500923,1.1998986421901074,✅
ATR_1x|Trail_Tight_3R|Hidden_Only|CD15,ATR_1x,Trail_Tight_3R,Hidden_Only,15,3137,70.8957602805228,340.9330200352841,0.1086812304862238,1.3578144758537682,✅
Fixed_3%|Trail_Tight_3R|Hidden_Only|CD15,Fixed_3%,Trail_Tight_3R,Hidden_Only,15,3137,72.90404845393688,340.7129894012599,0.10861109002271593,1.3948388397695894,✅
Fixed_3%|Trail_Medium_3R|Bearish_Only|CD15,Fixed_3%,Trail_Medium_3R,Bearish_Only,15,2879,67.52344564084751,334.80178991267474,0.11629100031701102,1.3528861952164002,✅
Fixed_2%|Trail_Tight_3R|Hidden_Bearish|CD5,Fixed_2%,Trail_Tight_3R,Hidden_Bearish,5,2247,69.60391633288829,334.49534373270103,0.1488630813229644,1.4672065256969498,✅
Fixed_3%|Trail_Medium_3R|Hidden_Only|CD10,Fixed_3%,Trail_Medium_3R,Hidden_Only,10,3369,65.5387355298308,332.79753541732424,0.0987822901209036,1.282663054941313,✅
ATR_1.5x|Static_1:4|All_Signals|CD15,ATR_1.5x,Static_1:4,All_Signals,15,4764,26.72124265323258,332.60349061714123,0.06981601398344695,1.092488257311558,✅
ATR_1.5x|Trail_Medium|Bearish_Only|CD5,ATR_1.5x,Trail_Medium,Bearish_Only,5,3805,68.06833114323258,330.5539810535279,0.08687358240565779,1.2629848214835615,✅
Fixed_2%|Trail_Medium_3R|Hidden_Only|CD10,Fixed_2%,Trail_Medium_3R,Hidden_Only,10,3369,62.12525972098546,329.1671081238783,0.09770469223029928,1.2466943498385723,✅
Fixed_2%|Trail_Medium|Bearish_Only|CD15,Fixed_2%,Trail_Medium,Bearish_Only,15,2879,64.84890587009379,327.93284052468823,0.11390512001552214,1.3099290904390657,✅
ATR_1x|Trail_Medium_3R|Bearish_Only|CD15,ATR_1x,Trail_Medium_3R,Bearish_Only,15,2879,66.8982285515804,327.2056421885468,0.11365253288938756,1.3301791072791258,✅
Fixed_3%|Static_1:3|All_Signals|CD15,Fixed_3%,Static_1:3,All_Signals,15,4764,32.19983207388749,326.6205914611002,0.06856015773742657,1.1003962772483395,✅
Fixed_3%|Static_1:2|Bearish_Only|CD15,Fixed_3%,Static_1:2,Bearish_Only,15,2879,39.805488016672456,326.2117053198044,0.11330729604717069,1.1866687565435277,✅
ATR_1x|Trail_Loose|All_Signals|CD10,ATR_1x,Trail_Loose,All_Signals,10,5425,59.63133640552996,325.91786432045984,0.060077025681190756,1.1429306800956418,✅
ATR_1.5x|Trail_Medium|All_Signals|CD10,ATR_1.5x,Trail_Medium,All_Signals,10,5425,66.3963133640553,322.2738878003591,0.059405324940158356,1.1708301452661347,✅
Fixed_2%|Trail_Tight|Hidden_Only|CD15,Fixed_2%,Trail_Tight,Hidden_Only,15,3137,68.18616512591647,320.45793518556167,0.10215426687458135,1.3061286656218967,✅
Fixed_2%|Trail_Medium|Hidden_Only|CD5,Fixed_2%,Trail_Medium,Hidden_Only,5,4203,62.26504877468475,319.17521391692026,0.0759398557975066,1.1924660526233166,✅
Fixed_3%|Static_1:3|Hidden_Bearish|CD15,Fixed_3%,Static_1:3,Hidden_Bearish,15,1756,34.16856492027335,318.9176715019918,0.18161598604897025,1.2728880088229455,✅
ATR_1.5x|Static_1:4|Hidden_Only|CD5,ATR_1.5x,Static_1:4,Hidden_Only,5,4203,26.21936711872472,316.2653864917934,0.07524753425928941,1.0991809168634161,✅
Fixed_2%|Static_1:3|Bearish_Only|CD10,Fixed_2%,Static_1:3,Bearish_Only,10,3142,30.2355187778485,315.7894543334097,0.1005058734352036,1.1380527124679223,✅
Fixed_3%|Static_1:3|Hidden_Only|CD5,Fixed_3%,Static_1:3,Hidden_Only,5,4203,32.191291934332625,314.2762537346446,0.07477426926829518,1.1094122627181295,✅
ATR_1.5x|Static_1:4|Hidden_Bearish|CD5,ATR_1.5x,Static_1:4,Hidden_Bearish,5,2247,26.791277258566975,314.2187563891017,0.13983923292794914,1.1851944369704104,✅
ATR_2x|Trail_Tight_3R|Hidden_Only|CD5,ATR_2x,Trail_Tight_3R,Hidden_Only,5,4203,74.89888175113015,314.01709082012127,0.07471260785632197,1.2885327277038154,✅
ATR_1.5x|Trail_Loose|All_Signals|CD5,ATR_1.5x,Trail_Loose,All_Signals,5,7017,59.78338321219895,313.6687431135639,0.044701260241351556,1.1074451056092942,✅
ATR_1.5x|Trail_Tight_3R|Bearish_Only|CD15,ATR_1.5x,Trail_Tight_3R,Bearish_Only,15,2879,74.574505036471,308.2931312849133,0.10708340787944191,1.4055577803898005,✅
ATR_1x|Trail_Tight|Hidden_Only|CD15,ATR_1x,Trail_Tight,Hidden_Only,15,3137,70.8957602805228,306.4885338679672,0.0977011583895337,1.3216644550586725,✅
ATR_2x|Trail_Tight|Hidden_Only|CD5,ATR_2x,Trail_Tight,Hidden_Only,5,4203,74.89888175113015,303.2939989768985,0.07216131310418712,1.278679878832237,✅
ATR_2x|Static_1:3|All_Signals|CD5,ATR_2x,Static_1:3,All_Signals,5,7017,30.782385634886705,303.14948833677977,0.04320215025463585,1.0612806797342489,✅
ATR_1x|Trail_Medium|Bearish_Only|CD15,ATR_1x,Trail_Medium,Bearish_Only,15,2879,66.8982285515804,302.8018565358461,0.10517605298223207,1.3055535534312606,✅
ATR_1x|Trail_Loose|Bearish_Only|CD10,ATR_1x,Trail_Loose,Bearish_Only,10,3142,61.266709102482494,300.92973669736864,0.09577649162869785,1.237466819342012,✅
ATR_2x|Trail_Tight_3R|Bearish_Only|CD10,ATR_2x,Trail_Tight_3R,Bearish_Only,10,3142,76.67091024824953,300.41622213466144,0.0956130560581354,1.3973444773694477,✅
ATR_1x|Trail_Medium|Hidden_Only|CD5,ATR_1x,Trail_Medium,Hidden_Only,5,4203,64.3587913395194,299.1550780324994,0.07117655913216735,1.1919327268346083,✅
Fixed_3%|Trail_Tight|Hidden_Only|CD15,Fixed_3%,Trail_Tight,Hidden_Only,15,3137,72.90404845393688,298.62338152755615,0.09519393736931978,1.3460628539510995,✅
Fixed_2%|Static_1:4|Hidden_Only|CD5,Fixed_2%,Static_1:4,Hidden_Only,5,4203,25.267665952890795,298.35508181148754,0.07098621979811742,1.0911060753783692,✅
ATR_1.5x|Trail_Tight|Bearish_Only|CD15,ATR_1.5x,Trail_Tight,Bearish_Only,15,2879,74.574505036471,298.1014651609272,0.10354340575231928,1.3921507042266343,✅
ATR_1.5x|Trail_Medium_3R|All_Signals|CD15,ATR_1.5x,Trail_Medium_3R,All_Signals,15,4764,66.16288832913519,298.0812348737186,0.06256952873083933,1.178762684750914,✅
Fixed_3%|Trail_Medium|Bearish_Only|CD15,Fixed_3%,Trail_Medium,Bearish_Only,15,2879,67.52344564084751,298.02537228618456,0.10351697543806342,1.3141232898768365,✅
ATR_2x|Trail_Medium_3R|All_Signals|CD10,ATR_2x,Trail_Medium_3R,All_Signals,10,5425,67.26267281105991,295.118351321776,0.05439969609617991,1.1617410735664127,✅
ATR_2x|Trail_Tight|Bearish_Only|CD10,ATR_2x,Trail_Tight,Bearish_Only,10,3142,76.67091024824953,294.47821159810394,0.09372317364675492,1.3894905882668647,✅
ATR_1.5x|Trail_Loose|Bearish_Only|CD5,ATR_1.5x,Trail_Loose,Bearish_Only,5,3805,61.78712220762155,294.4297999483994,0.07737971089314045,1.195474533219151,✅
Fixed_3%|Trail_Loose|All_Signals|CD10,Fixed_3%,Trail_Loose,All_Signals,10,5425,59.373271889400925,294.2093517899879,0.05423213857879962,1.1313006872068965,✅
ATR_1.5x|Trail_Tight_3R|Hidden_Only|CD10,ATR_1.5x,Trail_Tight_3R,Hidden_Only,10,3369,73.2264766993173,293.84969039280486,0.08722163561674232,1.313600398087189,✅
ATR_2x|Static_1:4|Hidden_Bearish|CD10,ATR_2x,Static_1:4,Hidden_Bearish,10,1855,29.487870619946094,292.6724636795526,0.15777491303479924,1.2199177931454692,✅
Fixed_3%|Trail_Loose|Bearish_Only|CD10,Fixed_3%,Trail_Loose,Bearish_Only,10,3142,61.203055378739656,291.0009943035138,0.0926164845014366,1.2352651609700673,✅
Fixed_3%|Trail_Tight_3R|Hidden_Bearish|CD5,Fixed_3%,Trail_Tight_3R,Hidden_Bearish,5,2247,74.45482866043614,288.6119188660545,0.12844322156922763,1.4951181736308896,✅
ATR_1.5x|Static_1:3|Bearish_Only|CD10,ATR_1.5x,Static_1:3,Bearish_Only,10,3142,30.36282622533418,288.5773595836261,0.09184511762687018,1.1279686203929393,✅
Fixed_3%|Static_1:3|Hidden_Only|CD10,Fixed_3%,Static_1:3,Hidden_Only,10,3369,32.73968536657762,288.3758442272592,0.08559686679348745,1.126194119206317,✅
Fixed_2%|Trail_Medium_3R|Hidden_Bearish|CD5,Fixed_2%,Trail_Medium_3R,Hidden_Bearish,5,2247,63.951935914552735,288.28600672878275,0.1282981783394672,1.340063565062816,✅
ATR_2x|Trail_Medium_3R|Bearish_Only|CD5,ATR_2x,Trail_Medium_3R,Bearish_Only,5,3805,68.80420499342969,286.39223051720165,0.07526734047758256,1.234664592915535,✅
ATR_1x|Static_1:3|Bearish_Only|CD10,ATR_1x,Static_1:3,Bearish_Only,10,3142,29.949077021005728,286.02160073085554,0.09103169978703232,1.1251386517966226,✅
ATR_2x|Static_1:3|All_Signals|CD10,ATR_2x,Static_1:3,All_Signals,10,5425,31.05990783410138,284.96538409021224,0.05252818139911746,1.074839903894696,✅
Fixed_2%|Trail_Loose|Bearish_Only|CD15,Fixed_2%,Trail_Loose,Bearish_Only,15,2879,59.32615491490101,283.44170233796285,0.09845144228480822,1.2312233908315162,✅
Fixed_2%|Trail_Tight|Hidden_Bearish|CD5,Fixed_2%,Trail_Tight,Hidden_Bearish,5,2247,69.60391633288829,282.74034429403395,0.12583014877349086,1.394917706350907,✅
ATR_1x|Trail_Loose|All_Signals|CD15,ATR_1x,Trail_Loose,All_Signals,15,4764,59.55079764903443,281.4831924014287,0.05908547279626967,1.1402942564413503,✅
Fixed_3%|Trail_Medium_3R|Hidden_Only|CD15,Fixed_3%,Trail_Medium_3R,Hidden_Only,15,3137,65.12591648071407,280.75602831421094,0.0894982557584351,1.253346931052549,✅
Fixed_2%|Static_1:4|All_Signals|CD15,Fixed_2%,Static_1:4,All_Signals,15,4764,25.377833753148614,279.493266549482,0.058667772155642735,1.0752985081401227,✅
ATR_1x|Trail_Tight_3R|Hidden_Bearish|CD5,ATR_1x,Trail_Tight_3R,Hidden_Bearish,5,2247,71.69559412550068,279.0952845715151,0.12420795931086565,1.4204687456728777,✅
Fixed_2%|Static_1:2|Bearish_Only|CD5,Fixed_2%,Static_1:2,Bearish_Only,5,3805,38.107752956636006,278.6142078704457,0.07322318209472949,1.1131657660989753,✅
ATR_1.5x|Trail_Tight|Hidden_Only|CD10,ATR_1.5x,Trail_Tight,Hidden_Only,10,3369,73.2264766993173,277.0542896226986,0.08223635785773185,1.2956761172737639,✅
Fixed_3%|Trail_Medium|Hidden_Only|CD10,Fixed_3%,Trail_Medium,Hidden_Only,10,3369,65.5387355298308,276.4725133891134,0.08206367271864451,1.2348231489871815,✅
ATR_1x|Static_1:4|Hidden_Only|CD5,ATR_1x,Static_1:4,Hidden_Only,5,4203,25.196288365453245,274.2845920101998,0.06525924149659762,1.084180243005199,✅
Fixed_2%|Trail_Medium_3R|Hidden_Only|CD15,Fixed_2%,Trail_Medium_3R,Hidden_Only,15,3137,61.71501434491552,271.0475673813163,0.08640343238167558,1.2160044787464779,✅
ATR_2x|Trail_Medium|Bearish_Only|CD5,ATR_2x,Trail_Medium,Bearish_Only,5,3805,68.80420499342969,270.7816712236845,0.07116469677363588,1.221873584112043,✅
ATR_2x|Static_1:2|Bearish_Only|CD5,ATR_2x,Static_1:2,Bearish_Only,5,3805,37.97634691195795,270.3734908042552,0.0710574220247714,1.111898756844389,✅
ATR_2x|Trail_Medium|All_Signals|CD10,ATR_2x,Trail_Medium,All_Signals,10,5425,67.26267281105991,270.3643973889582,0.04983675527907064,1.1481745465572468,✅
Fixed_3%|Trail_Tight|Hidden_Bearish|CD5,Fixed_3%,Trail_Tight,Hidden_Bearish,5,2247,74.45482866043614,265.49818552410176,0.11815673588077515,1.4554662095573925,✅
ATR_1x|Trail_Medium_3R|Hidden_Only|CD10,ATR_1x,Trail_Medium_3R,Hidden_Only,10,3369,64.2920747996438,265.23936382021475,0.07872940451772477,1.2118901261329345,✅
ATR_1.5x|Trail_Medium|All_Signals|CD15,ATR_1.5x,Trail_Medium,All_Signals,15,4764,66.16288832913519,264.25678953166596,0.055469519213196046,1.1584777826767605,✅
ATR_1.5x|Trail_Medium_3R|Bearish_Only|CD10,ATR_1.5x,Trail_Medium_3R,Bearish_Only,10,3142,67.60025461489498,264.1294796757327,0.08406412465809443,1.2509670748400086,✅
Fixed_2%|Trail_Tight_3R|Hidden_Bearish|CD10,Fixed_2%,Trail_Tight_3R,Hidden_Bearish,10,1855,69.0566037735849,264.1033361273398,0.14237376610638264,1.4389263007151487,✅
ATR_2x|Trail_Medium_3R|All_Signals|CD15,ATR_2x,Trail_Medium_3R,All_Signals,15,4764,67.21242653232578,263.35024137928815,0.05527922782940557,1.1641627005143687,✅
Fixed_3%|Static_1:2|Hidden_Bearish|CD5,Fixed_3%,Static_1:2,Hidden_Bearish,5,2247,39.43035157988429,262.3776746935296,0.1167679905178147,1.1901614189500656,✅
ATR_1x|Trail_Tight|Hidden_Bearish|CD5,ATR_1x,Trail_Tight,Hidden_Bearish,5,2247,71.69559412550068,262.1462948505402,0.11666501773499786,1.394934382169239,✅
Fixed_3%|Trail_Medium_3R|Hidden_Bearish|CD5,Fixed_3%,Trail_Medium_3R,Hidden_Bearish,5,2247,66.88918558077437,260.0859442885791,0.11574808379554033,1.3426021735983371,✅
ATR_2x|Static_1:4|Hidden_Only|CD10,ATR_2x,Static_1:4,Hidden_Only,10,3369,28.554467200949833,258.11455316727285,0.07661458983890557,1.1056696312378702,✅
ATR_1.5x|Trail_Tight_3R|Hidden_Only|CD15,ATR_1.5x,Trail_Tight_3R,Hidden_Only,15,3137,72.93592604399107,256.0460811294059,0.08162132009225562,1.2904650890480756,✅
ATR_2x|Trail_Loose|Bearish_Only|CD5,ATR_2x,Trail_Loose,Bearish_Only,5,3805,62.1287779237845,255.636863758179,0.06718445828073036,1.1724623017056168,✅
Fixed_2%|Static_1:4|Hidden_Bearish|CD10,Fixed_2%,Static_1:4,Hidden_Bearish,10,1855,25.71428571428571,254.8983368570352,0.13741150234880603,1.177147239117861,✅
ATR_1x|Static_1:4|All_Signals|CD15,ATR_1x,Static_1:4,All_Signals,15,4764,25.419815281276236,254.67829660854503,0.05345892036283481,1.0690041534686083,✅
ATR_1.5x|Static_1:3|Bearish_Only|CD15,ATR_1.5x,Static_1:3,Bearish_Only,15,2879,30.28829454671761,252.3529184893938,0.08765297620333234,1.1218404433118698,✅
Fixed_3%|Static_1:4|Hidden_Only|CD10,Fixed_3%,Static_1:4,Hidden_Only,10,3369,29.741763134461262,250.98529465978217,0.0744984549301817,1.1054140406426645,✅
ATR_1.5x|Trail_Medium|Bearish_Only|CD10,ATR_1.5x,Trail_Medium,Bearish_Only,10,3142,67.60025461489498,247.3133572668072,0.0787120806068769,1.2349889528359808,✅
ATR_1.5x|Trail_Medium_3R|Hidden_Only|CD5,ATR_1.5x,Trail_Medium_3R,Hidden_Only,5,4203,65.31049250535332,245.92304333092986,0.05851131176086839,1.1629710036443446,✅
ATR_2x|Trail_Tight_3R|Bearish_Only|CD15,ATR_2x,Trail_Tight_3R,Bearish_Only,15,2879,76.03334491142758,243.0923239955171,0.08443637512869645,1.3413339679519847,✅
Fixed_3%|Static_1:4|Hidden_Only|CD5,Fixed_3%,Static_1:4,Hidden_Only,5,4203,29.050678087080655,242.48557782734576,0.05769345177904967,1.0808644309192799,✅
ATR_1.5x|Trail_Tight|Hidden_Only|CD15,ATR_1.5x,Trail_Tight,Hidden_Only,15,3137,72.93592604399107,241.2506803593,0.07690490288788651,1.2736808157515094,✅
ATR_1x|Trail_Medium_3R|Hidden_Bearish|CD5,ATR_1x,Trail_Medium_3R,Hidden_Bearish,5,2247,65.55407209612817,241.17903010847712,0.10733379177057281,1.2989477105292493,✅
ATR_2x|Trail_Medium|All_Signals|CD15,ATR_2x,Trail_Medium,All_Signals,15,4764,67.21242653232578,240.16934336737572,0.050413380219852165,1.149712594837409,✅
ATR_2x|Trail_Loose|All_Signals|CD5,ATR_2x,Trail_Loose,All_Signals,5,7017,59.98289867464729,239.045459640174,0.03406661816163232,1.082865617467483,✅
ATR_2x|Static_1:3|Hidden_Bearish|CD5,ATR_2x,Static_1:3,Hidden_Bearish,5,2247,31.59768580329328,238.70587535111548,0.10623314434851601,1.1522818193931867,✅
ATR_2x|Trail_Tight|Bearish_Only|CD15,ATR_2x,Trail_Tight,Bearish_Only,15,2879,76.03334491142758,237.21025980356671,0.08239328232148896,1.3330747671784398,✅
ATR_1x|Static_1:4|Hidden_Bearish|CD10,ATR_1x,Static_1:4,Hidden_Bearish,10,1855,25.60646900269542,236.88491389105928,0.12770076220542279,1.1650924029447152,✅
Fixed_3%|Trail_Loose|All_Signals|CD15,Fixed_3%,Trail_Loose,All_Signals,15,4764,59.109991603694375,235.5891799545035,0.04945196892411912,1.1190395165117872,✅
Fixed_2%|Trail_Medium|Hidden_Only|CD10,Fixed_2%,Trail_Medium,Hidden_Only,10,3369,62.12525972098546,235.2834180837704,0.06983776137838243,1.1763332010382075,✅
Fixed_2%|Trail_Medium|Hidden_Bearish|CD5,Fixed_2%,Trail_Medium,Hidden_Bearish,5,2247,63.951935914552735,233.28216913658693,0.10381938991392387,1.2751807727414595,✅
Fixed_3%|Trail_Medium|Hidden_Only|CD15,Fixed_3%,Trail_Medium,Hidden_Only,15,3137,65.12591648071407,232.06317367601193,0.07397614717118646,1.2094077666440475,✅
ATR_2x|Static_1:3|Hidden_Only|CD5,ATR_2x,Static_1:3,Hidden_Only,5,4203,30.692362598144186,230.6793199958299,0.05488444444345227,1.0778583757982891,✅
Fixed_3%|Trail_Medium|Hidden_Bearish|CD5,Fixed_3%,Trail_Medium,Hidden_Bearish,5,2247,66.88918558077437,228.20964440764376,0.1015619245249861,1.300612631813013,✅
ATR_1x|Trail_Loose|Bearish_Only|CD15,ATR_1x,Trail_Loose,Bearish_Only,15,2879,60.472386245224044,228.0004834451012,0.07919433256168851,1.1923587899302563,✅
ATR_2x|Static_1:4|Hidden_Bearish|CD15,ATR_2x,Static_1:4,Hidden_Bearish,15,1756,28.815489749430522,227.95310883678152,0.12981384330112844,1.179305610709853,✅
Fixed_3%|Trail_Loose|Bearish_Only|CD15,Fixed_3%,Trail_Loose,Bearish_Only,15,2879,60.472386245224044,226.11160824355173,0.07853824530863207,1.1957833489960379,✅
Fixed_2%|Static_1:3|Bearish_Only|CD15,Fixed_2%,Static_1:3,Bearish_Only,15,2879,29.697811740187564,225.30994443133056,0.07825979313349446,1.1065462232668268,✅
Fixed_3%|Trail_Loose|Hidden_Only|CD5,Fixed_3%,Trail_Loose,Hidden_Only,5,4203,58.553414227932436,224.10521504773354,0.053320298607597794,1.1267022955447035,✅
ATR_2x|Trail_Tight_3R|Hidden_Only|CD10,ATR_2x,Trail_Tight_3R,Hidden_Only,10,3369,74.59186702285545,223.74192163508877,0.06641196842834336,1.253373755299997,✅
Fixed_3%|Trail_Tight_3R|Hidden_Bearish|CD10,Fixed_3%,Trail_Tight_3R,Hidden_Bearish,10,1855,73.8544474393531,223.03406825247373,0.12023399905793732,1.4533836915844398,✅
Fixed_2%|Trail_Tight|Hidden_Bearish|CD10,Fixed_2%,Trail_Tight,Hidden_Bearish,10,1855,69.0566037735849,221.96153861080856,0.11965581596270003,1.368888778430695,✅
ATR_1x|Trail_Medium|Hidden_Only|CD10,ATR_1x,Trail_Medium,Hidden_Only,10,3369,64.2920747996438,220.71769105260458,0.06551430426019726,1.1763233734364071,✅
ATR_1x|Trail_Medium_3R|Hidden_Only|CD15,ATR_1x,Trail_Medium_3R,Hidden_Only,15,3137,63.94644564870896,220.53590166097973,0.07030153065380292,1.187558250057511,✅
ATR_1x|Trail_Tight_3R|Hidden_Bearish|CD10,ATR_1x,Trail_Tight_3R,Hidden_Bearish,10,1855,71.21293800539084,220.50681881941884,0.11887160044173523,1.395624468639226,✅
ATR_2x|Static_1:3|All_Signals|CD15,ATR_2x,Static_1:3,All_Signals,15,4764,30.919395465994963,218.739370070916,0.04591506508625441,1.0653255725801367,✅
Fixed_2%|Trail_Tight_3R|Hidden_Bearish|CD15,Fixed_2%,Trail_Tight_3R,Hidden_Bearish,15,1756,68.62186788154897,214.90113046462272,0.12238105379534324,1.3717218559064694,✅
ATR_2x|Trail_Tight|Hidden_Only|CD10,ATR_2x,Trail_Tight,Hidden_Only,10,3369,74.59186702285545,214.04874044791458,0.063534799776763,1.2423968328696844,✅
ATR_1x|Trail_Medium|Hidden_Bearish|CD5,ATR_1x,Trail_Medium,Hidden_Bearish,5,2247,65.55407209612817,213.02679550037004,0.09480498242117047,1.2640522800327025,✅
ATR_1.5x|Trail_Medium|Hidden_Only|CD5,ATR_1.5x,Trail_Medium,Hidden_Only,5,4203,65.31049250535332,212.54317827942512,0.05056939763964433,1.1408504653032663,✅
Fixed_2%|Trail_Loose|Hidden_Only|CD5,Fixed_2%,Trail_Loose,Hidden_Only,5,4203,56.48346419224364,212.50988580464775,0.05056147651787955,1.1112243255219307,✅
ATR_1.5x|Trail_Loose|All_Signals|CD10,ATR_1.5x,Trail_Loose,All_Signals,10,5425,59.64976958525345,211.7655106981485,0.03903511717938221,1.0934747563220033,✅
ATR_1.5x|Static_1:3|Hidden_Bearish|CD5,ATR_1.5x,Static_1:3,Hidden_Bearish,5,2247,29.728526924788607,210.94737494241633,0.09387956161211229,1.1293949730335215,✅
ATR_1.5x|Static_1:4|Hidden_Bearish|CD10,ATR_1.5x,Static_1:4,Hidden_Bearish,10,1855,26.361185983827497,210.28126988478127,0.11335917514004382,1.149306521428707,✅
ATR_1.5x|Trail_Tight_3R|Hidden_Bearish|CD5,ATR_1.5x,Trail_Tight_3R,Hidden_Bearish,5,2247,73.69826435246995,209.839387570086,0.09338646531824031,1.3421559067051427,✅
ATR_2x|Trail_Medium_3R|Bearish_Only|CD10,ATR_2x,Trail_Medium_3R,Bearish_Only,10,3142,68.39592616168045,209.46480949530888,0.0666660755873039,1.2052767937209476,✅
Fixed_3%|Static_1:2|All_Signals|CD10,Fixed_3%,Static_1:2,All_Signals,10,5425,37.49308755760369,209.27260087460562,0.038575594631263706,1.0610743120421318,✅
Fixed_3%|Static_1:3|Hidden_Only|CD15,Fixed_3%,Static_1:3,Hidden_Only,15,3137,32.26012113484221,207.4849629069154,0.06614120589955862,1.0969953466864117,✅
ATR_1.5x|Static_1:4|Hidden_Only|CD10,ATR_1.5x,Static_1:4,Hidden_Only,10,3369,26.150192935589196,207.42662574190865,0.061569197311341244,1.0810971104838607,✅
Fixed_2%|Trail_Medium_3R|Hidden_Bearish|CD10,Fixed_2%,Trail_Medium_3R,Hidden_Bearish,10,1855,63.07277628032345,206.62114706765962,0.11138606310925046,1.2882601345804034,✅
ATR_1x|Static_1:3|Bearish_Only|CD15,ATR_1x,Static_1:3,Bearish_Only,15,2879,29.4894060437652,206.21349417029214,0.07162677810708307,1.097701600869135,✅
ATR_1x|Trail_Tight|Hidden_Bearish|CD10,ATR_1x,Trail_Tight,Hidden_Bearish,10,1855,71.21293800539084,205.3503011243338,0.11070097095651418,1.3684312539729273,✅
ATR_1.5x|Trail_Loose|Bearish_Only|CD10,ATR_1.5x,Trail_Loose,Bearish_Only,10,3142,61.107574793125394,203.68373832565248,0.06482614205144892,1.1609732887306878,✅
Fixed_3%|Trail_Tight|Hidden_Bearish|CD10,Fixed_3%,Trail_Tight,Hidden_Bearish,10,1855,73.8544474393531,203.5409531382338,0.10972558120659504,1.4137580838904156,✅
Fixed_3%|Static_1:2|Hidden_Bearish|CD10,Fixed_3%,Static_1:2,Hidden_Bearish,10,1855,39.24528301886793,201.29013995709053,0.10851220482862023,1.1761141044411079,✅
ATR_1.5x|Trail_Tight|Hidden_Bearish|CD5,ATR_1.5x,Trail_Tight,Hidden_Bearish,5,2247,73.69826435246995,201.23555893036388,0.08955743610608094,1.3281268398867099,✅
ATR_2x|Trail_Medium|Bearish_Only|CD10,ATR_2x,Trail_Medium,Bearish_Only,10,3142,68.39592616168045,198.8485571733724,0.06328725562487982,1.1948728015504706,✅
ATR_1.5x|Trail_Medium_3R|Bearish_Only|CD15,ATR_1.5x,Trail_Medium_3R,Bearish_Only,15,2879,66.8982285515804,197.64911519032842,0.068652002497509,1.20053473193342,✅
Fixed_2%|Static_1:3|All_Signals|CD5,Fixed_2%,Static_1:3,All_Signals,5,7017,28.701724383639732,196.07049564830274,0.027942211151247363,1.0374887584260284,✅
ATR_2x|Trail_Tight_3R|Hidden_Only|CD15,ATR_2x,Trail_Tight_3R,Hidden_Only,15,3137,74.27478482626714,195.50914890116644,0.06232360500515347,1.2350090249641368,✅
ATR_2x|Static_1:2|Bearish_Only|CD10,ATR_2x,Static_1:2,Bearish_Only,10,3142,37.61935073201783,193.87516102760046,0.061704379703246486,1.096694957045936,✅
ATR_2x|Trail_Loose|Bearish_Only|CD10,ATR_2x,Trail_Loose,Bearish_Only,10,3142,61.807765754296625,189.60383546069954,0.060344950814990306,1.1537000948409708,✅
Fixed_3%|Static_1:2|Hidden_Only|CD5,Fixed_3%,Static_1:2,Hidden_Only,5,4203,37.615988579586016,189.32651073419493,0.04504556524725076,1.071411033790216,✅
Fixed_2%|Static_1:4|Hidden_Only|CD10,Fixed_2%,Static_1:4,Hidden_Only,10,3369,25.140991392104482,188.80364445345626,0.05604144982293151,1.0718213432000157,✅
Fixed_3%|Trail_Medium_3R|Hidden_Bearish|CD10,Fixed_3%,Trail_Medium_3R,Hidden_Bearish,10,1855,66.2533692722372,187.72779661098107,0.10120096852343993,1.2941970365109094,✅
ATR_2x|Trail_Medium_3R|Hidden_Only|CD5,ATR_2x,Trail_Medium_3R,Hidden_Only,5,4203,66.07185343802047,187.60780492697978,0.044636641667137704,1.1280619834204526,✅
Fixed_2%|Static_1:3|Hidden_Bearish|CD5,Fixed_2%,Static_1:3,Hidden_Bearish,5,2247,29.23898531375167,187.57015451809488,0.08347581420475962,1.112885900832122,✅
ATR_1x|Trail_Loose|Hidden_Only|CD5,ATR_1x,Trail_Loose,Hidden_Only,5,4203,57.958600999286226,187.18418804672905,0.04453585249743732,1.1018830774349166,✅
ATR_2x|Static_1:4|Hidden_Only|CD15,ATR_2x,Static_1:4,Hidden_Only,15,3137,28.179789607905644,186.98437940322265,0.05960611393153416,1.0818245463548222,✅
ATR_2x|Trail_Tight|Hidden_Only|CD15,ATR_2x,Trail_Tight,Hidden_Only,15,3137,74.27478482626714,186.7685854019249,0.059537324004438924,1.2245025534402276,✅
Fixed_3%|Static_1:2|All_Signals|CD5,Fixed_3%,Static_1:2,All_Signals,5,7017,37.081373806470005,185.7837988686896,0.026476243247639957,1.0415755943084268,✅
ATR_1.5x|Trail_Medium|Bearish_Only|CD15,ATR_1.5x,Trail_Medium,Bearish_Only,15,2879,66.8982285515804,184.7996295702179,0.06418882583196175,1.1874976477459718,✅
Fixed_3%|Trail_Loose|Hidden_Bearish|CD5,Fixed_3%,Trail_Loose,Hidden_Bearish,5,2247,60.08010680907877,184.233303542603,0.08199078929354829,1.2011887955510647,✅
Fixed_2%|Trail_Medium|Hidden_Only|CD15,Fixed_2%,Trail_Medium,Hidden_Only,15,3137,61.71501434491552,184.13824983659168,0.05869883641587239,1.14674430417332,✅
Fixed_3%|Trail_Tight_3R|Hidden_Bearish|CD15,Fixed_3%,Trail_Tight_3R,Hidden_Bearish,15,1756,73.4624145785877,183.81803731887783,0.10467997569412177,1.3885543445865614,✅
ATR_1x|Static_1:3|All_Signals|CD10,ATR_1x,Static_1:3,All_Signals,10,5425,28.829493087557605,182.83983432990308,0.0337031952681849,1.0455422993976446,✅
Fixed_3%|Static_1:4|Hidden_Only|CD15,Fixed_3%,Static_1:4,Hidden_Only,15,3137,29.42301562001913,181.98092203144463,0.05801113230202252,1.0817944987608903,✅
ATR_1x|Trail_Tight_3R|Hidden_Bearish|CD15,ATR_1x,Trail_Tight_3R,Hidden_Bearish,15,1756,70.84282460136674,178.9970543976259,0.10193454122871634,1.3346132101506933,✅
ATR_1x|Trail_Medium|Hidden_Only|CD15,ATR_1x,Trail_Medium,Hidden_Only,15,3137,63.94644564870896,178.40799629058682,0.056872169681411164,1.151729905781822,✅
Fixed_3%|Static_1:2|Hidden_Only|CD10,Fixed_3%,Static_1:2,Hidden_Only,10,3369,37.99346987236569,178.18202969170915,0.05288869981944468,1.0843485254824519,✅
Fixed_2%|Static_1:3|All_Signals|CD10,Fixed_2%,Static_1:3,All_Signals,10,5425,28.829493087557605,177.88350767385433,0.03278958666799158,1.0440750510736116,✅
Fixed_2%|Trail_Tight|Hidden_Bearish|CD15,Fixed_2%,Trail_Tight,Hidden_Bearish,15,1756,68.62186788154897,177.40444930915615,0.10102759072275407,1.3068625604746227,✅
ATR_1.5x|Trail_Loose|All_Signals|CD15,ATR_1.5x,Trail_Loose,All_Signals,15,4764,59.52980688497062,176.88705599584105,0.03712994458350988,1.088652591914317,✅
ATR_2x|Trail_Loose|All_Signals|CD10,ATR_2x,Trail_Loose,All_Signals,10,5425,60.01843317972351,176.37796657328684,0.03251206757111278,1.0791396268331364,✅
Fixed_2%|Trail_Loose|Hidden_Bearish|CD5,Fixed_2%,Trail_Loose,Hidden_Bearish,5,2247,57.988429016466405,174.9552426329959,0.07786170121628655,1.1768812084768165,✅
ATR_1x|Trail_Medium_3R|Hidden_Bearish|CD10,ATR_1x,Trail_Medium_3R,Hidden_Bearish,10,1855,64.90566037735849,174.44931129047092,0.09404275541265278,1.2571235807348538,✅
Fixed_3%|Trail_Loose|Hidden_Only|CD10,Fixed_3%,Trail_Loose,Hidden_Only,10,3369,58.56337192045117,173.57777355092676,0.0515220461712457,1.1224719216927446,✅
ATR_1x|Static_1:4|Hidden_Only|CD10,ATR_1x,Static_1:4,Hidden_Only,10,3369,25.111308993766695,171.4540872560061,0.05089168514574238,1.0655685177155596,✅
Fixed_2%|Static_1:2|Bearish_Only|CD10,Fixed_2%,Static_1:2,Bearish_Only,10,3142,37.46021642266072,169.9893329492981,0.054102270193920464,1.0828037029673439,✅
ATR_1.5x|Static_1:3|Hidden_Only|CD5,ATR_1.5x,Static_1:3,Hidden_Only,5,4203,29.14584820366405,167.60508489748443,0.03987748867415761,1.0547040121101088,✅
ATR_2x|Trail_Medium|Hidden_Only|CD5,ATR_2x,Trail_Medium,Hidden_Only,5,4203,66.07185343802047,167.431440319604,0.03983617423735522,1.1142895006026916,✅
Fixed_3%|Trail_Tight|Hidden_Bearish|CD15,Fixed_3%,Trail_Tight,Hidden_Bearish,15,1756,73.4624145785877,166.5397502706289,0.0948404044821349,1.3520315223568544,✅
ATR_1x|Trail_Tight|Hidden_Bearish|CD15,ATR_1x,Trail_Tight,Hidden_Bearish,15,1756,70.84282460136674,165.68850502506766,0.09435564067486768,1.3097344966825468,✅
Fixed_2%|Trail_Medium|Hidden_Bearish|CD10,Fixed_2%,Trail_Medium,Hidden_Bearish,10,1855,63.07277628032345,164.77857430931314,0.08882942011283727,1.2298849594074546,✅
ATR_1.5x|Static_1:2|Bearish_Only|CD5,ATR_1.5x,Static_1:2,Bearish_Only,5,3805,36.87253613666229,164.68401221536962,0.043280949333868494,1.066349815275845,✅
ATR_1.5x|Static_1:3|All_Signals|CD5,ATR_1.5x,Static_1:3,All_Signals,5,7017,29.058001995154626,164.47299017550083,0.02343921763937592,1.0320420782787756,✅
ATR_2x|Trail_Tight_3R|Hidden_Bearish|CD5,ATR_2x,Trail_Tight_3R,Hidden_Bearish,5,2247,75.3004005340454,164.38841309007648,0.0731590623453834,1.2872907199328445,✅
Fixed_2%|Trail_Medium_3R|Hidden_Bearish|CD15,Fixed_2%,Trail_Medium_3R,Hidden_Bearish,15,1756,62.92710706150342,163.59642719388634,0.09316425238831796,1.2399877453300696,✅
ATR_1.5x|Trail_Medium_3R|Hidden_Only|CD10,ATR_1.5x,Trail_Medium_3R,Hidden_Only,10,3369,65.03413475808846,162.45718138502053,0.04822118770704082,1.1332455311433611,✅
Fixed_3%|Trail_Medium|Hidden_Bearish|CD10,Fixed_3%,Trail_Medium,Hidden_Bearish,10,1855,66.2533692722372,162.22596003734895,0.08745334772902909,1.2542319121074348,✅
ATR_2x|Static_1:3|Hidden_Only|CD10,ATR_2x,Static_1:3,Hidden_Only,10,3369,30.632235084594832,160.1263458694444,0.04752933982470894,1.0674099726520045,✅
ATR_1x|Static_1:3|All_Signals|CD5,ATR_1x,Static_1:3,All_Signals,5,7017,28.559213339033775,158.9922908805763,0.022658157457685093,1.030505010514137,✅
ATR_2x|Trail_Tight|Hidden_Bearish|CD5,ATR_2x,Trail_Tight,Hidden_Bearish,5,2247,75.3004005340454,158.96864975993347,0.07074706264349509,1.2778189592429399,✅
ATR_1.5x|Trail_Tight_3R|Hidden_Bearish|CD10,ATR_1.5x,Trail_Tight_3R,Hidden_Bearish,10,1855,73.15363881401618,158.49121668646958,0.0854400089954014,1.3066024856629939,✅
Fixed_2%|Static_1:4|Hidden_Bearish|CD15,Fixed_2%,Static_1:4,Hidden_Bearish,15,1756,24.829157175398635,158.25947324269214,0.09012498476235316,1.1148747721904515,✅
ATR_2x|Trail_Medium_3R|Bearish_Only|CD15,ATR_2x,Trail_Medium_3R,Bearish_Only,15,2879,67.73185133726989,156.8104007173693,0.054466967946290135,1.1641995520702104,✅
ATR_1.5x|Static_1:3|All_Signals|CD10,ATR_1.5x,Static_1:3,All_Signals,10,5425,29.17972350230415,156.30327094775924,0.028811662847513225,1.039458296589853,✅
ATR_1x|Static_1:3|Hidden_Bearish|CD5,ATR_1x,Static_1:3,Hidden_Bearish,5,2247,28.79394748553627,156.24731575678305,0.06953596606888432,1.0938339388071665,✅
ATR_1.5x|Static_1:4|Hidden_Bearish|CD15,ATR_1.5x,Static_1:4,Hidden_Bearish,15,1756,25.854214123006834,155.42873133161552,0.08851294494966716,1.1158370253199024,✅
ATR_1x|Trail_Medium|Hidden_Bearish|CD10,ATR_1x,Trail_Medium,Hidden_Bearish,10,1855,64.90566037735849,153.54685584768265,0.08277458536263216,1.2263151232531777,✅
ATR_1x|Trail_Loose|Hidden_Bearish|CD5,ATR_1x,Trail_Loose,Hidden_Bearish,5,2247,59.19003115264797,152.1491417864515,0.06771212362547908,1.1589519793551026,✅
ATR_1x|Static_1:4|Hidden_Bearish|CD15,ATR_1x,Static_1:4,Hidden_Bearish,15,1756,24.829157175398635,151.54969536350737,0.08630392674459417,1.110464288487481,✅
ATR_2x|Trail_Loose|All_Signals|CD15,ATR_2x,Trail_Loose,All_Signals,15,4764,59.90764063811923,151.28472450728157,0.03175581958591133,1.0770659911614249,✅
ATR_1.5x|Trail_Tight|Hidden_Bearish|CD10,ATR_1.5x,Trail_Tight,Hidden_Bearish,10,1855,73.15363881401618,150.88738804674747,0.08134090999824661,1.2918928202932958,✅
ATR_2x|Trail_Medium|Bearish_Only|CD15,ATR_2x,Trail_Medium,Bearish_Only,15,2879,67.73185133726989,148.63883431624117,0.05162863296847557,1.1556429286789118,✅
ATR_1.5x|Trail_Loose|Bearish_Only|CD15,ATR_1.5x,Trail_Loose,Bearish_Only,15,2879,60.333449114275794,148.0633376179779,0.051428738318158355,1.1251699584337809,✅
Fixed_3%|Static_1:2|All_Signals|CD15,Fixed_3%,Static_1:2,All_Signals,15,4764,37.321578505457595,147.77810045696322,0.03101975240490412,1.0490229543885703,✅
ATR_2x|Static_1:3|Hidden_Bearish|CD10,ATR_2x,Static_1:3,Hidden_Bearish,10,1855,30.943396226415093,147.18593591924122,0.07934551801576346,1.1126758550391935,✅
ATR_1.5x|Static_1:4|Hidden_Only|CD15,ATR_1.5x,Static_1:4,Hidden_Only,15,3137,25.852725533949634,146.33709783164525,0.04664874014397362,1.0612267697741138,✅
ATR_1x|Static_1:2|Bearish_Only|CD5,ATR_1x,Static_1:2,Bearish_Only,5,3805,36.81997371879107,146.23547514697128,0.03843245076135907,1.058458730762944,✅
Fixed_3%|Trail_Medium_3R|Hidden_Bearish|CD15,Fixed_3%,Trail_Medium_3R,Hidden_Bearish,15,1756,65.7744874715262,146.03416132974417,0.08316296203288392,1.2382162418714164,✅
Fixed_2%|Trail_Loose|Hidden_Only|CD10,Fixed_2%,Trail_Loose,Hidden_Only,10,3369,56.15909765509053,145.99388239400403,0.04333448572098665,1.0946180619153705,✅
Fixed_3%|Trail_Loose|Hidden_Only|CD15,Fixed_3%,Trail_Loose,Hidden_Only,15,3137,58.20847943895442,144.6018119303578,0.04609557281809302,1.1086582746633626,✅
ATR_1.5x|Trail_Medium_3R|Hidden_Bearish|CD5,ATR_1.5x,Trail_Medium_3R,Hidden_Bearish,5,2247,65.73208722741433,142.24652576518926,0.06330508489772553,1.178244649841799,✅
ATR_1x|Trail_Medium_3R|Hidden_Bearish|CD15,ATR_1x,Trail_Medium_3R,Hidden_Bearish,15,1756,64.92027334851936,141.22102953530728,0.08042199859641645,1.2198112174225495,✅
Fixed_3%|Static_1:2|Hidden_Bearish|CD15,Fixed_3%,Static_1:2,Hidden_Bearish,15,1756,38.26879271070615,136.4371816501222,0.07769771164585547,1.1241033305799748,✅
ATR_1.5x|Trail_Medium|Hidden_Only|CD10,ATR_1.5x,Trail_Medium,Hidden_Only,10,3369,65.03413475808846,135.7310944537384,0.040288244123994774,1.1113250988289385,✅
ATR_1.5x|Trail_Medium_3R|Hidden_Only|CD15,ATR_1.5x,Trail_Medium_3R,Hidden_Only,15,3137,64.71150781000956,133.4770183634938,0.042549256730473,1.1166045680266736,✅
ATR_2x|Trail_Loose|Bearish_Only|CD15,ATR_2x,Trail_Loose,Bearish_Only,15,2879,60.9586662035429,132.80738909701742,0.04612969402466739,1.1147408989760206,✅
ATR_1.5x|Trail_Tight_3R|Hidden_Bearish|CD15,ATR_1.5x,Trail_Tight_3R,Hidden_Bearish,15,1756,72.89293849658314,131.9650789038754,0.07515095609560102,1.2667537127101067,✅
Fixed_2%|Static_1:3|Hidden_Only|CD5,Fixed_2%,Static_1:3,Hidden_Only,5,4203,28.669997620747083,129.35092698036036,0.030775857002227066,1.041321527075718,✅
Fixed_2%|Trail_Medium|Hidden_Bearish|CD15,Fixed_2%,Trail_Medium,Hidden_Bearish,15,1756,62.92710706150342,127.20583545300123,0.07244068078189136,1.1866045742369045,✅
Fixed_3%|Trail_Loose|Hidden_Bearish|CD10,Fixed_3%,Trail_Loose,Hidden_Bearish,10,1855,59.299191374663074,125.47599070687848,0.0676420435077512,1.1629987633870786,✅
ATR_1.5x|Trail_Tight|Hidden_Bearish|CD15,ATR_1.5x,Trail_Tight,Hidden_Bearish,15,1756,72.89293849658314,125.40630919434373,0.07141589361864677,1.2534958403596301,✅
Fixed_3%|Trail_Medium|Hidden_Bearish|CD15,Fixed_3%,Trail_Medium,Hidden_Bearish,15,1756,65.7744874715262,125.04431391736411,0.07120974596660826,1.2039768384160736,✅
ATR_1.5x|Trail_Medium|Hidden_Bearish|CD5,ATR_1.5x,Trail_Medium,Hidden_Bearish,5,2247,65.73208722741433,124.10098085063511,0.055229630997167385,1.1555070379241457,✅
ATR_1.5x|Static_1:3|Hidden_Bearish|CD10,ATR_1.5x,Static_1:3,Hidden_Bearish,10,1855,29.056603773584904,124.07192124729488,0.06688513274786786,1.091363376203495,✅
ATR_1x|Trail_Medium|Hidden_Bearish|CD15,ATR_1x,Trail_Medium,Hidden_Bearish,15,1756,64.92027334851936,123.57340707144162,0.07037209969899864,1.1923426074629686,✅
ATR_2x|Trail_Medium_3R|Hidden_Only|CD10,ATR_2x,Trail_Medium_3R,Hidden_Only,10,3369,65.80587711487088,121.78965325088804,0.03615009001213655,1.102921151430712,✅
ATR_1.5x|Trail_Loose|Hidden_Only|CD5,ATR_1.5x,Trail_Loose,Hidden_Only,5,4203,58.36307399476565,118.36958182480976,0.028163117255486498,1.0654184708624082,✅
ATR_2x|Trail_Medium_3R|Hidden_Bearish|CD5,ATR_2x,Trail_Medium_3R,Hidden_Bearish,5,2247,66.80017801513128,118.16659671871444,0.05258860557130149,1.1538106131545365,✅
ATR_2x|Static_1:2|Bearish_Only|CD15,ATR_2x,Static_1:2,Bearish_Only,15,2879,36.95727683223342,117.66634390711202,0.040870560579059405,1.0632895032505794,✅
Fixed_3%|Static_1:2|Hidden_Only|CD15,Fixed_3%,Static_1:2,Hidden_Only,15,3137,37.48804590372968,116.76819888868336,0.03722288775539795,1.0589332548950723,✅
ATR_2x|Trail_Tight_3R|Hidden_Bearish|CD10,ATR_2x,Trail_Tight_3R,Hidden_Bearish,10,1855,74.50134770889488,115.59962617426613,0.06231785777588471,1.236980379743429,✅
ATR_1x|Trail_Loose|Hidden_Only|CD10,ATR_1x,Trail_Loose,Hidden_Only,10,3369,57.55417037696646,113.75662429804444,0.033765694359763856,1.0765042916368486,✅
ATR_2x|Static_1:3|Hidden_Only|CD15,ATR_2x,Static_1:3,Hidden_Only,15,3137,30.251832961428114,111.23044875868997,0.035457586470733174,1.0500097203515948,✅
ATR_2x|Trail_Loose|Hidden_Only|CD5,ATR_2x,Trail_Loose,Hidden_Only,5,4203,58.98167975255769,110.95678965846609,0.02639942651878803,1.0627091828562498,✅
ATR_2x|Trail_Tight|Hidden_Bearish|CD10,ATR_2x,Trail_Tight,Hidden_Bearish,10,1855,74.50134770889488,110.91625428143202,0.059793128992685726,1.2273794209308944,✅
ATR_1.5x|Trail_Medium|Hidden_Only|CD15,ATR_1.5x,Trail_Medium,Hidden_Only,15,3137,64.71150781000956,110.28889613097978,0.035157442183927246,1.0963475903879574,✅
ATR_1.5x|Static_1:2|Bearish_Only|CD10,ATR_1.5x,Static_1:2,Bearish_Only,10,3142,36.53723742838956,107.62411830015434,0.034253379471723217,1.052288640435172,✅
Fixed_2%|Static_1:3|All_Signals|CD15,Fixed_2%,Static_1:3,All_Signals,15,4764,28.673383711167087,106.56846378824982,0.022369534800220366,1.0299949485548945,✅
ATR_2x|Trail_Medium|Hidden_Only|CD10,ATR_2x,Trail_Medium,Hidden_Only,10,3369,65.80587711487088,106.36731489069287,0.03157237010706229,1.0898881492058397,✅
ATR_2x|Trail_Medium|Hidden_Bearish|CD5,ATR_2x,Trail_Medium,Hidden_Bearish,5,2247,66.80017801513128,104.71250258193689,0.04660102473606448,1.136298198258282,✅
Fixed_2%|Trail_Loose|Hidden_Only|CD15,Fixed_2%,Trail_Loose,Hidden_Only,15,3137,55.78578259483583,104.44892951666718,0.03329580156731501,1.0721036803141835,✅
ATR_1.5x|Static_1:3|Hidden_Only|CD10,ATR_1.5x,Static_1:3,Hidden_Only,10,3369,28.970020777678833,103.7819037151473,0.03080495806326723,1.0421701160207362,✅
ATR_1.5x|Static_1:3|All_Signals|CD15,ATR_1.5x,Static_1:3,All_Signals,15,4764,29.072208228379516,102.49426522517487,0.021514329392354085,1.0294193757714372,✅
ATR_2x|Static_1:3|Hidden_Bearish|CD15,ATR_2x,Static_1:3,Hidden_Bearish,15,1756,30.353075170842825,101.52728611245749,0.05781736111187784,1.081410828168857,✅
ATR_2x|Trail_Medium_3R|Hidden_Only|CD15,ATR_2x,Trail_Medium_3R,Hidden_Only,15,3137,65.44469238125598,101.16508606839534,0.03224899141485347,1.090910719037489,✅
Fixed_2%|Trail_Loose|Hidden_Bearish|CD10,Fixed_2%,Trail_Loose,Hidden_Bearish,10,1855,56.71159029649596,99.79108471913625,0.053795733002229784,1.1186185672276008,✅
ATR_1x|Static_1:3|All_Signals|CD15,ATR_1x,Static_1:3,All_Signals,15,4764,28.61041141897565,97.6245276354143,0.020492134264360685,1.0275958924086184,✅
Fixed_2%|Static_1:4|Hidden_Only|CD15,Fixed_2%,Static_1:4,Hidden_Only,15,3137,24.705132291998723,95.047227865073,0.030298765656701625,1.0386266341072439,✅
Fixed_2%|Static_1:3|Hidden_Bearish|CD10,Fixed_2%,Static_1:3,Hidden_Bearish,10,1855,28.409703504043126,93.80037183363508,0.050566238185248025,1.067601971981685,✅
Fixed_3%|Trail_Loose|Hidden_Bearish|CD15,Fixed_3%,Trail_Loose,Hidden_Bearish,15,1756,58.76993166287016,93.66895021009579,0.05334222677112516,1.126835587536714,✅
Fixed_2%|Static_1:2|Hidden_Bearish|CD5,Fixed_2%,Static_1:2,Hidden_Bearish,5,2247,36.67111704494882,93.02611787414864,0.04140014146602076,1.0624871456936682,✅
ATR_2x|Trail_Tight_3R|Hidden_Bearish|CD15,ATR_2x,Trail_Tight_3R,Hidden_Bearish,15,1756,74.08883826879271,92.99474827944248,0.052958284897176806,1.197917135315181,✅
ATR_1x|Static_1:3|Hidden_Only|CD5,ATR_1x,Static_1:3,Hidden_Only,5,4203,28.384487270996907,91.24049613094725,0.021708421634772126,1.029193110428212,✅
ATR_2x|Static_1:2|Hidden_Bearish|CD5,ATR_2x,Static_1:2,Hidden_Bearish,5,2247,36.49310191366266,91.07469940519995,0.04053168642866042,1.0622791450904585,✅
ATR_2x|Trail_Tight|Hidden_Bearish|CD15,ATR_2x,Trail_Tight,Hidden_Bearish,15,1756,74.08883826879271,88.55026858434506,0.05042726001386393,1.1884581206342995,✅
ATR_2x|Trail_Medium|Hidden_Only|CD15,ATR_2x,Trail_Medium,Hidden_Only,15,3137,65.44469238125598,88.19641940213435,0.02811489301948816,1.0792565915375125,✅
Fixed_2%|Static_1:2|Bearish_Only|CD15,Fixed_2%,Static_1:2,Bearish_Only,15,2879,36.67940257033692,87.61499441949009,0.030432439881726326,1.0459548677724642,✅
ATR_1.5x|Trail_Medium_3R|Hidden_Bearish|CD10,ATR_1.5x,Trail_Medium_3R,Hidden_Bearish,10,1855,64.74393530997304,83.10367633044322,0.04479982551506373,1.1226136454863334,✅
ATR_1x|Trail_Loose|Hidden_Bearish|CD10,ATR_1x,Trail_Loose,Hidden_Bearish,10,1855,57.897574123989216,81.68212152052313,0.044033488690308965,1.1001998733304905,✅
ATR_1.5x|Static_1:3|Hidden_Bearish|CD15,ATR_1.5x,Static_1:3,Hidden_Bearish,15,1756,28.530751708428248,80.22058100737759,0.04568370216821047,1.0619301283169507,✅
ATR_1.5x|Trail_Loose|Hidden_Bearish|CD5,ATR_1.5x,Trail_Loose,Hidden_Bearish,5,2247,59.012016021361816,80.19008050194493,0.03568761927100353,1.0839085206677765,✅
ATR_2x|Trail_Loose|Hidden_Bearish|CD5,ATR_2x,Trail_Loose,Hidden_Bearish,5,2247,59.50155763239875,79.97049399164388,0.03558989496735375,1.0852215188555163,✅
ATR_1x|Trail_Loose|Hidden_Only|CD15,ATR_1x,Trail_Loose,Hidden_Only,15,3137,57.18839655722028,79.6876884030315,0.025402514632780204,1.0570783209222918,✅
ATR_1x|Static_1:2|Bearish_Only|CD10,ATR_1x,Static_1:2,Bearish_Only,10,3142,36.346276257161044,78.22796296400277,0.024897505717378348,1.0376161076222024,✅
ATR_1x|Static_1:3|Hidden_Bearish|CD10,ATR_1x,Static_1:3,Hidden_Bearish,10,1855,28.03234501347709,73.02908381635486,0.0393687783376576,1.0525744011597893,✅
ATR_1.5x|Trail_Medium|Hidden_Bearish|CD10,ATR_1.5x,Trail_Medium,Hidden_Bearish,10,1855,64.74393530997304,70.10345229411038,0.03779161848739104,1.10343272676385,✅
ATR_1x|Static_1:4|Hidden_Only|CD15,ATR_1x,Static_1:4,Hidden_Only,15,3137,24.577621931781955,66.91414380127407,0.02133061644924261,1.0273026721366783,✅
ATR_1.5x|Trail_Loose|Hidden_Only|CD10,ATR_1.5x,Trail_Loose,Hidden_Only,10,3369,57.99940635203325,66.27881385003496,0.01967314154052685,1.0453011590828305,✅
ATR_1.5x|Static_1:3|Hidden_Only|CD15,ATR_1.5x,Static_1:3,Hidden_Only,15,3137,28.721708638826904,64.81775675297622,0.020662338780037048,1.0281803475105615,✅
ATR_2x|Trail_Loose|Hidden_Only|CD10,ATR_2x,Trail_Loose,Hidden_Only,10,3369,58.56337192045117,62.30493998675923,0.018493600470988195,1.0434977314221134,✅
Fixed_2%|Trail_Loose|Hidden_Bearish|CD15,Fixed_2%,Trail_Loose,Hidden_Bearish,15,1756,56.264236902050115,61.14730910065883,0.03482193001176471,1.075947918970241,✅
ATR_2x|Trail_Medium_3R|Hidden_Bearish|CD10,ATR_2x,Trail_Medium_3R,Hidden_Bearish,10,1855,65.71428571428571,60.35645887805575,0.032537174597334635,1.0921342973397563,✅
ATR_1.5x|Trail_Medium_3R|Hidden_Bearish|CD15,ATR_1.5x,Trail_Medium_3R,Hidden_Bearish,15,1756,64.63553530751709,59.929255302509326,0.034128277507123765,1.093041834992276,✅
Fixed_2%|Static_1:3|Hidden_Only|CD10,Fixed_2%,Static_1:3,Hidden_Only,10,3369,28.346690412585335,54.517560860467306,0.01618211957864865,1.0216333421381496,✅
ATR_2x|Trail_Medium|Hidden_Bearish|CD10,ATR_2x,Trail_Medium,Hidden_Bearish,10,1855,65.71428571428571,51.412485783727874,0.027715625759422033,1.0784812982773613,✅
ATR_1.5x|Trail_Medium|Hidden_Bearish|CD15,ATR_1.5x,Trail_Medium,Hidden_Bearish,15,1756,64.63553530751709,50.52387819607547,0.028772140202776464,1.0784397255490719,✅
ATR_1.5x|Static_1:2|Bearish_Only|CD15,ATR_1.5x,Static_1:2,Bearish_Only,15,2879,35.98471691559569,49.82020067429744,0.017304689362381883,1.0261515872669797,✅
ATR_2x|Trail_Loose|Hidden_Only|CD15,ATR_2x,Trail_Loose,Hidden_Only,15,3137,58.2722346190628,47.900932100685154,0.015269662767193227,1.0356694288852284,✅
ATR_1.5x|Trail_Loose|Hidden_Only|CD15,ATR_1.5x,Trail_Loose,Hidden_Only,15,3137,57.730315588141536,47.7238690608852,0.015213219337228308,1.0348180775109515,✅
ATR_1x|Trail_Loose|Hidden_Bearish|CD15,ATR_1x,Trail_Loose,Hidden_Bearish,15,1756,57.40318906605923,45.39157598590745,0.025849416848466658,1.0580999533551834,✅
ATR_1x|Static_1:3|Hidden_Only|CD10,ATR_1x,Static_1:3,Hidden_Only,10,3369,28.19827842089641,43.65176512978888,0.012956890807298569,1.0173807779795967,✅
ATR_2x|Trail_Medium_3R|Hidden_Bearish|CD15,ATR_2x,Trail_Medium_3R,Hidden_Bearish,15,1756,65.43280182232346,42.87324139232813,0.024415285530938573,1.0685127043154339,✅
Fixed_2%|Static_1:2|All_Signals|CD5,Fixed_2%,Static_1:2,All_Signals,5,7017,36.01254097192532,40.479434257696475,0.005768766461122485,1.0086191291228834,✅
ATR_2x|Trail_Medium|Hidden_Bearish|CD15,ATR_2x,Trail_Medium,Hidden_Bearish,15,1756,65.43280182232346,36.756900071938,0.02093217543960023,1.0587386104805052,✅
ATR_2x|Trail_Loose|Hidden_Bearish|CD10,ATR_2x,Trail_Loose,Hidden_Bearish,10,1855,58.490566037735846,28.466969417176987,0.01534607515750781,1.0358435998759294,✅
ATR_1.5x|Trail_Loose|Hidden_Bearish|CD10,ATR_1.5x,Trail_Loose,Hidden_Bearish,10,1855,57.78975741239892,25.23226625818013,0.013602299869638883,1.0310542310363442,✅
ATR_1.5x|Static_1:2|Hidden_Bearish|CD5,ATR_1.5x,Static_1:2,Hidden_Bearish,5,2247,35.291499777481086,21.29206179371056,0.009475772938901006,1.0141557721997752,✅
ATR_2x|Static_1:2|Hidden_Bearish|CD10,ATR_2x,Static_1:2,Hidden_Bearish,10,1855,35.525606469002696,19.549432251067987,0.010538777493837189,1.0159410159637978,✅
Fixed_2%|Static_1:2|All_Signals|CD10,Fixed_2%,Static_1:2,All_Signals,10,5425,35.90783410138249,17.65930714534274,0.0032551718240263114,1.0048545244155955,✅
Fixed_2%|Static_1:2|Hidden_Bearish|CD10,Fixed_2%,Static_1:2,Hidden_Bearish,10,1855,35.57951482479784,14.999608844748959,0.008086042503907794,1.0119944821051792,✅
ATR_1x|Static_1:2|Bearish_Only|CD15,ATR_1x,Static_1:2,Bearish_Only,15,2879,35.67210837096214,12.525027775706011,0.004350478560509208,1.0064971834699439,✅
Fixed_2%|Static_1:2|All_Signals|CD15,Fixed_2%,Static_1:2,All_Signals,15,4764,35.915197313182205,8.656887420575838,0.001817146813722888,1.0027104115434229,✅
ATR_2x|Trail_Loose|Hidden_Bearish|CD15,ATR_2x,Trail_Loose,Hidden_Bearish,15,1756,57.97266514806378,8.56391982811787,0.004876947510317693,1.0112424019588975,✅
ATR_1.5x|Trail_Loose|Hidden_Bearish|CD15,ATR_1.5x,Trail_Loose,Hidden_Bearish,15,1756,57.46013667425968,8.556187730469148,0.004872544265643023,1.0110290083127824,✅
Fixed_2%|Static_1:2|Hidden_Only|CD5,Fixed_2%,Static_1:2,Hidden_Only,5,4203,35.80775636450155,5.99321429274531,0.0014259372573745682,1.0021267485218797,✅
Fixed_2%|Static_1:3|Hidden_Bearish|CD15,Fixed_2%,Static_1:3,Hidden_Bearish,15,1756,27.27790432801822,5.475888186080377,0.003118387349704087,1.00410331505297,✅
ATR_1x|Static_1:3|Hidden_Bearish|CD15,ATR_1x,Static_1:3,Hidden_Bearish,15,1756,27.16400911161731,4.203866814930898,0.002394001603035819,1.0031580747778337,✅
ATR_2x|Static_1:2|All_Signals|CD10,ATR_2x,Static_1:2,All_Signals,10,5425,35.815668202764975,-8.487802295872166,-0.0015645718517736712,0.9976136039991883,❌
ATR_1x|Static_1:2|Hidden_Bearish|CD5,ATR_1x,Static_1:2,Hidden_Bearish,5,2247,35.02447708055185,-8.746339288316907,-0.003892451841707569,0.9942509933016068,❌
ATR_2x|Static_1:2|Hidden_Only|CD5,ATR_2x,Static_1:2,Hidden_Only,5,4203,35.56983107304306,-9.22508041862383,-0.0021948799473290106,0.9966602265913435,❌
ATR_2x|Static_1:2|Hidden_Only|CD10,ATR_2x,Static_1:2,Hidden_Only,10,3369,35.4704660136539,-17.668582549257064,-0.0052444590529109715,0.9920277598533999,❌
ATR_2x|Static_1:2|Hidden_Bearish|CD15,ATR_2x,Static_1:2,Hidden_Bearish,15,1756,34.7380410022779,-23.555569188100304,-0.013414333250626596,0.9799609476921797,❌
Fixed_2%|Static_1:3|Hidden_Only|CD15,Fixed_2%,Static_1:3,Hidden_Only,15,3137,27.79725852725534,-23.87200975157104,-0.007609821406302531,0.9899065405635701,❌
ATR_1.5x|Static_1:2|Hidden_Bearish|CD10,ATR_1.5x,Static_1:2,Hidden_Bearish,10,1855,34.50134770889488,-27.492066254965152,-0.014820520892164502,0.9781284610986432,❌
Fixed_2%|Static_1:2|Hidden_Only|CD10,Fixed_2%,Static_1:2,Hidden_Only,10,3369,35.44078361531612,-31.883571782247284,-0.009463808780720477,0.9859614511038004,❌
ATR_1x|Static_1:3|Hidden_Only|CD15,ATR_1x,Static_1:3,Hidden_Only,15,3137,27.63787057698438,-35.96879197679961,-0.011465984053809247,0.9847419985465189,❌
ATR_1.5x|Static_1:2|All_Signals|CD10,ATR_1.5x,Static_1:2,All_Signals,10,5425,35.35483870967742,-42.20875266151623,-0.007780415237145849,0.9883582494924144,❌
Fixed_2%|Static_1:2|Hidden_Bearish|CD15,Fixed_2%,Static_1:2,Hidden_Bearish,15,1756,34.39635535307517,-49.32487480280706,-0.0280893364480678,0.9590986351998557,❌
ATR_1x|Static_1:2|All_Signals|CD10,ATR_1x,Static_1:2,All_Signals,10,5425,35.29953917050691,-56.28134186756891,-0.010374440897247726,0.9845972773210275,❌
ATR_2x|Static_1:2|All_Signals|CD15,ATR_2x,Static_1:2,All_Signals,15,4764,35.47439126784215,-56.94838360599187,-0.011953900840888302,0.981848843775133,❌
ATR_2x|Static_1:2|Hidden_Only|CD15,ATR_2x,Static_1:2,Hidden_Only,15,3137,35.00159387950271,-59.485568389026064,-0.018962565632459696,0.9713838996805556,❌
ATR_1.5x|Static_1:2|Hidden_Only|CD10,ATR_1.5x,Static_1:2,Hidden_Only,10,3369,34.90650044523598,-60.82942248887569,-0.018055631489722675,0.9731134312444419,❌
ATR_1.5x|Static_1:2|Hidden_Bearish|CD15,ATR_1.5x,Static_1:2,Hidden_Bearish,15,1756,33.82687927107062,-61.78408328873547,-0.03518455768151223,0.9486255843612053,❌
ATR_2x|Static_1:2|All_Signals|CD5,ATR_2x,Static_1:2,All_Signals,5,7017,35.59925894256805,-63.30502538587752,-0.009021665296548029,0.9862907531733176,❌
ATR_1x|Static_1:2|Hidden_Bearish|CD10,ATR_1x,Static_1:2,Hidden_Bearish,10,1855,34.01617250673855,-64.22129757368565,-0.03462064559228337,0.9496611390647506,❌
ATR_1x|Static_1:2|All_Signals|CD15,ATR_1x,Static_1:2,All_Signals,15,4764,35.24349286314022,-65.39940064786593,-0.013727833889140624,0.9796375711575048,❌
Fixed_2%|Static_1:2|Hidden_Only|CD15,Fixed_2%,Static_1:2,Hidden_Only,15,3137,34.96971628944851,-75.13108540401467,-0.023949979408356605,0.9647427526792645,❌
ATR_1.5x|Static_1:2|Hidden_Only|CD5,ATR_1.5x,Static_1:2,Hidden_Only,5,4203,34.90364025695932,-76.84362843124674,-0.01828304269123168,0.9727819763963281,❌
ATR_1x|Static_1:2|All_Signals|CD5,ATR_1x,Static_1:2,All_Signals,5,7017,35.25723243551375,-85.9299546138077,-0.012245967594956206,0.9818242153464716,❌
ATR_1x|Static_1:2|Hidden_Only|CD5,ATR_1x,Static_1:2,Hidden_Only,5,4203,34.90364025695932,-86.40714949632496,-0.020558446228009748,0.9696037418659756,❌
ATR_1.5x|Static_1:2|All_Signals|CD15,ATR_1.5x,Static_1:2,All_Signals,15,4764,35.05457598656591,-87.40908012261553,-0.018347833778886553,0.97266996396778,❌
ATR_1.5x|Static_1:2|Hidden_Only|CD15,ATR_1.5x,Static_1:2,Hidden_Only,15,3137,34.555307618744024,-90.32673647801442,-0.028793986763791656,0.9573628952630578,❌
ATR_1x|Static_1:2|Hidden_Only|CD10,ATR_1x,Static_1:2,Hidden_Only,10,3369,34.6393588601959,-95.1612782055787,-0.02824614966030831,0.9584023319897708,❌
ATR_1x|Static_1:2|Hidden_Bearish|CD15,ATR_1x,Static_1:2,Hidden_Bearish,15,1756,33.25740318906606,-102.04651457511133,-0.0581130493024552,0.9164951399492814,❌
ATR_1.5x|Static_1:2|All_Signals|CD5,ATR_1.5x,Static_1:2,All_Signals,5,7017,35.1004702864472,-110.93806918533907,-0.015809900126170597,0.9764290386123166,❌
ATR_1x|Static_1:2|Hidden_Only|CD15,ATR_1x,Static_1:2,Hidden_Only,15,3137,34.33216448836468,-118.63977832189573,-0.037819502174655954,0.9445843674661413,❌
