symbol,r,exit,max_r,bar_idx,timestamp
SAROSUSDT,-1.0,sl,0.0,99,2025-12-11 21:00:00
SAROSUSDT,0.6684365083333311,trailed,0.9702738095238126,227,2025-12-13 05:00:00
SAROSUSDT,0.6226441603448409,trailed,0.9244310344827706,357,2025-12-14 13:30:00
SAROSUSDT,1.2309199672645725,trailed,1.533376681614348,434,2025-12-15 08:45:00
SAROSUSDT,2.9967,tp,4.937265806024503,494,2025-12-15 23:45:00
SAROSUSDT,0.41006053234519124,trailed,0.8644459815546771,540,2025-12-16 11:15:00
SAROSUSDT,0.42994146129032007,trailed,1.0080138248847914,585,2025-12-16 22:30:00
SAROSUSDT,0.6395355844370881,trailed,1.0208112582781457,631,2025-12-17 10:00:00
SAROSUSDT,-1.0,sl,0.0,643,2025-12-17 13:00:00
LIGHTUSDT,0.4560993079374254,trailed,0.7577027809965211,98,2025-12-11 20:45:00
LIGHTUSDT,2.9967,tp,3.599775510204073,126,2025-12-12 03:45:00
LIGHTUSDT,-1.0,sl,0.0,164,2025-12-12 13:15:00
LIGHTUSDT,-1.0,timeout,0.47220870870870923,177,2025-12-12 16:30:00
LIGHTUSDT,-1.0,sl,0.2394734726688124,277,2025-12-13 17:30:00
LIGHTUSDT,0.6055944965648857,trailed,1.52186641221374,296,2025-12-13 22:15:00
LIGHTUSDT,-1.0,sl,0.0,438,2025-12-15 09:45:00
LIGHTUSDT,-1.0,sl,0.6872430747922456,600,2025-12-17 02:15:00
LIGHTUSDT,-1.0,sl,0.37551904761904986,684,2025-12-17 23:15:00
NXPCUSDT,-1.0,sl,0.0,60,2025-12-11 11:15:00
NXPCUSDT,1.418118390625046,trailed,3.0957812500000315,171,2025-12-12 15:00:00
NXPCUSDT,-1.0,sl,0.03244117647062352,199,2025-12-12 22:00:00
NXPCUSDT,0.8114786380993187,trailed,1.1134734589041126,420,2025-12-15 05:15:00
NXPCUSDT,1.2187788777778084,trailed,1.5212222222222467,621,2025-12-17 07:30:00
KASUSDT,-1.0,sl,0.0,162,2025-12-12 12:45:00
KASUSDT,1.4255421437984421,trailed,1.7282131782945571,335,2025-12-14 08:00:00
KASUSDT,0.4011017537921422,trailed,0.7026446629213615,378,2025-12-14 18:45:00
KASUSDT,-1.0,sl,0.0,405,2025-12-15 01:30:00
KASUSDT,0.4614931512820615,trailed,0.7631025641025707,597,2025-12-17 01:30:00
KASUSDT,0.6952331900000022,trailed,0.9970999999999999,698,2025-12-18 02:45:00
SUIUSDT,2.9967,tp,5.170440000000131,61,2025-12-11 11:30:00
SUIUSDT,-1.0,sl,0.5896960784313777,78,2025-12-11 15:45:00
SUIUSDT,-1.0,sl,0.0,133,2025-12-12 05:30:00
SUIUSDT,-1.0,sl,0.6236349557522269,145,2025-12-12 08:30:00
SUIUSDT,-1.0,sl,0.0,161,2025-12-12 12:30:00
SUIUSDT,-1.0,sl,0.1742868712702489,198,2025-12-12 21:45:00
SUIUSDT,1.786908297727325,trailed,2.7490681818182687,336,2025-12-14 08:15:00
SUIUSDT,2.9967,tp,4.301357123546972,491,2025-12-15 23:00:00
SUIUSDT,-1.0,sl,3.06542941176473,648,2025-12-17 14:15:00
SUIUSDT,1.4883701681818184,trailed,2.609292207792232,698,2025-12-18 02:45:00
HBARUSDT,-1.0,sl,0.24032191780821854,62,2025-12-11 11:45:00
HBARUSDT,-1.0,sl,0.31002380952383085,91,2025-12-11 19:00:00
HBARUSDT,1.3777452363636267,trailed,3.844000000000004,101,2025-12-11 21:30:00
HBARUSDT,0.4741918952749058,trailed,0.7878427835051536,144,2025-12-12 08:15:00
HBARUSDT,0.4908859972222123,trailed,0.7925277777777678,271,2025-12-13 16:00:00
HBARUSDT,0.8776822750000007,trailed,1.1797500000000056,395,2025-12-14 23:00:00
HBARUSDT,2.0690917099999977,trailed,2.372471428571446,451,2025-12-15 13:00:00
HBARUSDT,-1.0,sl,0.0,487,2025-12-15 22:00:00
HBARUSDT,-1.0,sl,0.28196363636361005,686,2025-12-17 23:45:00
HBARUSDT,1.4335093810810713,trailed,1.7361891891891774,698,2025-12-18 02:45:00
BERAUSDT,1.460825322535226,trailed,2.0593098591549386,50,2025-12-11 08:45:00
BERAUSDT,-1.0,sl,0.4543716814159242,84,2025-12-11 17:15:00
BERAUSDT,0.4509547797996721,trailed,0.7525525876460871,131,2025-12-12 05:00:00
BERAUSDT,-1.0,sl,0.6889166666666225,280,2025-12-13 18:15:00
BERAUSDT,-1.0,sl,0.0,315,2025-12-14 03:00:00
BERAUSDT,0.8011178544303817,trailed,1.1031012658227841,353,2025-12-14 12:30:00
BERAUSDT,-1.0,sl,0.4300604838709776,408,2025-12-15 02:15:00
BERAUSDT,2.0047089273919863,trailed,2.7401165123456868,487,2025-12-15 22:00:00
BERAUSDT,-1.0,sl,0.6840209090909083,513,2025-12-16 04:30:00
BERAUSDT,0.8015438972222342,trailed,1.1035277777777774,530,2025-12-16 08:45:00
BERAUSDT,-1.0,sl,0.02934615384617381,634,2025-12-17 10:45:00
AXLUSDT,-1.0,sl,0.0,122,2025-12-12 02:45:00
AXLUSDT,0.7034514127272725,trailed,1.0053272727272746,182,2025-12-12 17:45:00
AXLUSDT,-1.0,timeout,0.5082897435897432,210,2025-12-13 00:45:00
AXLUSDT,1.4467389566666744,trailed,1.7494333333333447,357,2025-12-14 13:30:00
AXLUSDT,0.5209441666666627,trailed,1.9654761904761628,385,2025-12-14 20:30:00
AXLUSDT,0.6662650900000068,trailed,0.9681000000000024,459,2025-12-15 15:00:00
AXLUSDT,0.47653171884615986,trailed,0.8858500000000076,547,2025-12-16 13:00:00
AXLUSDT,0.5390551750000097,trailed,0.840750000000008,570,2025-12-16 18:45:00
AXLUSDT,-1.0,sl,0.0,649,2025-12-17 14:30:00
AXLUSDT,2.348562525000012,trailed,3.252249999999995,685,2025-12-17 23:30:00
PENGUUSDT,-1.0,sl,0.0,91,2025-12-11 19:00:00
PENGUUSDT,-1.0,sl,0.30811458333333996,145,2025-12-12 08:30:00
PENGUUSDT,0.8475487916666763,trailed,1.1495833333333574,487,2025-12-15 22:00:00
PENGUUSDT,-1.0,sl,0.0,593,2025-12-17 00:30:00
PENGUUSDT,0.5998881850000127,trailed,1.0016499999999988,638,2025-12-17 11:45:00
PENGUUSDT,0.5106705482785645,trailed,0.8123341158059513,683,2025-12-17 23:00:00
LUNA2USDT,0.4926362881830372,trailed,0.7942799961788342,199,2025-12-12 22:00:00
LUNA2USDT,0.4439292835483892,trailed,0.7455193548387107,250,2025-12-13 10:45:00
LUNA2USDT,1.5970150039572253,trailed,1.8998748663101641,279,2025-12-13 18:00:00
LUNA2USDT,0.7696425956730713,trailed,1.071591346153847,407,2025-12-15 02:00:00
LUNA2USDT,-1.0,sl,0.0,417,2025-12-15 04:30:00
LUNA2USDT,2.6162744743242614,trailed,3.960797297297191,447,2025-12-15 12:00:00
LUNA2USDT,1.2786220623628959,trailed,1.581131306800379,477,2025-12-15 19:30:00
LUNA2USDT,0.49562984422147915,trailed,0.7972768487551105,513,2025-12-16 04:30:00
LUNA2USDT,-1.0,sl,0.4973148688046666,523,2025-12-16 07:00:00
LDOUSDT,-1.0,sl,0.0,134,2025-12-12 05:45:00
LDOUSDT,-1.0,sl,0.1697826086956855,144,2025-12-12 08:15:00
LDOUSDT,0.6210610230768879,trailed,0.9613076923076479,250,2025-12-13 10:45:00
LDOUSDT,1.2691975625000793,trailed,1.5716964285715,282,2025-12-13 18:45:00
LDOUSDT,0.6054586132812505,trailed,0.9072265625000074,361,2025-12-14 14:30:00
LDOUSDT,0.5315929782544232,trailed,0.8332795857988071,598,2025-12-17 01:45:00
LDOUSDT,0.9957593900000127,trailed,1.5265285714285488,698,2025-12-18 02:45:00
POLUSDT,0.43175666666668133,trailed,0.7333333333333457,62,2025-12-11 11:45:00
POLUSDT,-1.0,sl,0.0,161,2025-12-12 12:30:00
POLUSDT,0.8951630249999627,trailed,1.1972499999999766,270,2025-12-13 15:45:00
POLUSDT,0.8743734187500023,trailed,1.1764375000000094,378,2025-12-14 18:45:00
POLUSDT,-1.0,sl,0.17693750000002365,398,2025-12-14 23:45:00
POLUSDT,0.4080384931506927,trailed,0.9972602739726094,441,2025-12-15 10:30:00
POLUSDT,-1.0,sl,0.04022727272728128,487,2025-12-15 22:00:00
POLUSDT,1.6274191562500182,trailed,1.9303125000000252,519,2025-12-16 06:00:00
POLUSDT,2.287332333333371,trailed,5.257619047618986,646,2025-12-17 13:45:00
POLUSDT,0.48418187640737637,trailed,0.8932881269191566,683,2025-12-17 23:00:00
ETHUSDT,1.6185908703814222,trailed,2.3528761763249326,62,2025-12-11 11:45:00
ETHUSDT,-1.0,sl,1.2521717657623013,100,2025-12-11 21:15:00
ETHUSDT,0.46166804542307616,trailed,1.169632524098543,144,2025-12-12 08:15:00
ETHUSDT,-1.0,sl,0.0,236,2025-12-13 07:15:00
ETHUSDT,-1.0,sl,0.04131718083060128,305,2025-12-14 00:30:00
ETHUSDT,0.5274555601578893,trailed,0.8291376115305652,371,2025-12-14 17:00:00
ETHUSDT,-1.0,sl,0.3425706472196927,532,2025-12-16 09:15:00
ETHUSDT,-1.0,sl,0.015981784386645034,546,2025-12-16 12:45:00
ETHUSDT,2.9967,tp,3.3388021490306654,589,2025-12-16 23:30:00
PTBUSDT,-1.0,sl,0.5910476190476268,163,2025-12-12 13:00:00
PTBUSDT,-1.0,sl,0.49156481481481523,219,2025-12-13 03:00:00
PTBUSDT,-1.0,sl,0.0,235,2025-12-13 07:00:00
PTBUSDT,0.5851086837874759,trailed,0.8868542234332555,292,2025-12-13 21:15:00
PTBUSDT,2.9967,tp,3.0649999999999933,343,2025-12-14 10:00:00
PTBUSDT,1.0514128359374997,trailed,1.3536718749999987,371,2025-12-14 17:00:00
PTBUSDT,0.7858756149137951,trailed,1.0878422413793118,554,2025-12-16 14:45:00
PTBUSDT,0.574117467620482,trailed,0.8818750000000003,646,2025-12-17 13:45:00
MOVEUSDT,-1.0,sl,0.5872677824267786,144,2025-12-12 08:15:00
MOVEUSDT,-1.0,sl,0.32050852272727615,195,2025-12-12 21:00:00
MOVEUSDT,-1.0,sl,0.6793333333333743,280,2025-12-13 18:15:00
MOVEUSDT,0.7736029980049874,trailed,1.0755561097256856,373,2025-12-14 17:30:00
MOVEUSDT,-1.0,sl,0.877985294117665,425,2025-12-15 06:30:00
MOVEUSDT,0.9139662516006182,trailed,1.2160739329268346,451,2025-12-15 13:00:00
MOVEUSDT,2.9967,tp,4.558226164079892,487,2025-12-15 22:00:00
MOVEUSDT,-1.0,sl,0.0,519,2025-12-16 06:00:00
MOVEUSDT,0.4453339138297904,trailed,0.7469255319149026,579,2025-12-16 21:00:00
AVNTUSDT,1.0692755356132106,trailed,1.3715542452830203,64,2025-12-11 12:15:00
AVNTUSDT,1.4101459200001014,trailed,1.912800000000046,248,2025-12-13 10:15:00
AVNTUSDT,-1.0,sl,0.10333333333330706,296,2025-12-13 22:15:00
AVNTUSDT,0.5235732526748785,trailed,0.825251028806569,395,2025-12-14 23:00:00
AVNTUSDT,1.276580789694656,trailed,1.7215814249363854,458,2025-12-15 14:45:00
AVNTUSDT,-1.0,sl,0.0,502,2025-12-16 01:45:00
AVNTUSDT,-1.0,sl,0.2867407407407379,547,2025-12-16 13:00:00
AVNTUSDT,0.7499971860557736,trailed,1.0519243027888427,599,2025-12-17 02:00:00
AVNTUSDT,0.39869965544355773,trailed,0.700239919354848,683,2025-12-17 23:00:00
LTCUSDT,0.7334244666667085,trailed,1.035333333333391,62,2025-12-11 11:45:00
LTCUSDT,2.9967,tp,3.044714285714131,73,2025-12-11 14:30:00
LTCUSDT,1.6921291468748731,trailed,2.2450937499997976,84,2025-12-11 17:15:00
LTCUSDT,-1.0,sl,0.0,145,2025-12-12 08:30:00
LTCUSDT,0.4769789059917414,trailed,0.778605371900847,252,2025-12-13 11:15:00
LTCUSDT,0.7681522392508283,trailed,1.0700993485342294,309,2025-12-14 01:30:00
LTCUSDT,1.2256079588235245,trailed,1.528058823529415,337,2025-12-14 08:30:00
LTCUSDT,2.9967,tp,3.4639615384617946,378,2025-12-14 18:45:00
LTCUSDT,0.5021928270588388,trailed,0.8038470588235568,597,2025-12-17 01:30:00
LTCUSDT,-1.0,sl,2.7073235294117404,648,2025-12-17 14:15:00
LTCUSDT,1.193509140410989,trailed,1.495924657534267,683,2025-12-17 23:00:00
CRVUSDT,0.40113205750000475,trailed,0.7026749999999992,378,2025-12-14 18:45:00
CRVUSDT,0.42594175600962303,trailed,0.7275120192307777,485,2025-12-15 21:30:00
CRVUSDT,-1.0,sl,0.35800000000001775,505,2025-12-16 02:30:00
CRVUSDT,2.3742842000000515,trailed,2.6780000000000483,672,2025-12-17 20:15:00
PUMPFUNUSDT,-1.0,sl,0.0,100,2025-12-11 21:15:00
PUMPFUNUSDT,-1.0,sl,0.0,161,2025-12-12 12:30:00
PUMPFUNUSDT,-1.0,sl,0.0,199,2025-12-12 22:00:00
PUMPFUNUSDT,-1.0,sl,2.4504268292683187,211,2025-12-13 01:00:00
PUMPFUNUSDT,1.4188330856209337,trailed,3.002542483660159,344,2025-12-14 10:15:00
PUMPFUNUSDT,0.75937736851853,trailed,1.3205740740740868,378,2025-12-14 18:45:00
PUMPFUNUSDT,0.5994363569767451,trailed,0.9244534883721001,488,2025-12-15 22:15:00
PUMPFUNUSDT,-1.0,sl,0.0,583,2025-12-16 22:00:00
PUMPFUNUSDT,-1.0,sl,0.0,630,2025-12-17 09:45:00
USELESSUSDT,-1.0,sl,0.0,64,2025-12-11 12:15:00
USELESSUSDT,-1.0,sl,0.0,100,2025-12-11 21:15:00
USELESSUSDT,0.45311968581040246,trailed,0.7547198776758476,195,2025-12-12 21:00:00
USELESSUSDT,1.2043345208428236,trailed,1.5067619589977235,371,2025-12-14 17:00:00
USELESSUSDT,-1.0,sl,0.0,398,2025-12-14 23:45:00
USELESSUSDT,1.3737535453642171,trailed,1.6763675496688566,570,2025-12-16 18:45:00
USELESSUSDT,0.41154384519649767,trailed,0.713098253275105,631,2025-12-17 10:00:00
JUPUSDT,1.0266349133333492,trailed,1.3288666666666862,73,2025-12-11 14:30:00
JUPUSDT,0.7389984567307741,trailed,1.0409134615384665,124,2025-12-12 03:15:00
JUPUSDT,-1.0,sl,0.0,210,2025-12-13 00:45:00
JUPUSDT,0.5709575437500263,trailed,0.8726875000000159,280,2025-12-13 18:15:00
JUPUSDT,0.5976906050000286,trailed,0.8994500000000231,354,2025-12-14 12:45:00
JUPUSDT,0.5112732687500078,trailed,0.8129375000000147,378,2025-12-14 18:45:00
JUPUSDT,-1.0,sl,0.5205735294117603,491,2025-12-15 23:00:00
JUPUSDT,0.5579272500000009,trailed,0.8596428571428639,589,2025-12-16 23:30:00
JUPUSDT,0.5852249205882296,trailed,0.8869705882352934,683,2025-12-17 23:00:00
AEROUSDT,-1.0,sl,0.0,74,2025-12-11 14:45:00
AEROUSDT,-1.0,sl,0.11076612903226755,131,2025-12-12 05:00:00
AEROUSDT,-1.0,sl,0.3460604265402761,144,2025-12-12 08:15:00
AEROUSDT,-1.0,sl,0.0,196,2025-12-12 21:15:00
AEROUSDT,0.8719193903846185,trailed,1.1739807692307689,251,2025-12-13 11:00:00
AEROUSDT,0.6155035978261665,trailed,0.9172826086957222,435,2025-12-15 09:00:00
AEROUSDT,0.7958292306818159,trailed,1.143261363636353,587,2025-12-16 23:00:00
PLUMEUSDT,2.9967,tp,5.47045977011488,61,2025-12-11 11:30:00
PLUMEUSDT,1.8844486124999955,trailed,3.43762499999998,76,2025-12-11 15:15:00
PLUMEUSDT,1.395512035000023,trailed,3.698150000000013,101,2025-12-11 21:30:00
PLUMEUSDT,0.7560074411764693,trailed,1.1167647058823431,137,2025-12-12 06:30:00
PLUMEUSDT,0.6039337299999764,trailed,0.9056999999999903,236,2025-12-13 07:15:00
PLUMEUSDT,0.45383651874999376,trailed,1.2554374999999893,344,2025-12-14 10:15:00
PLUMEUSDT,0.6578703571022738,trailed,0.9596960227272681,387,2025-12-14 21:00:00
PLUMEUSDT,-1.0,sl,0.0,406,2025-12-15 01:45:00
PLUMEUSDT,1.1363141333333264,trailed,1.4386666666666597,520,2025-12-16 06:15:00
PLUMEUSDT,-1.0,sl,0.0,530,2025-12-16 08:45:00
PLUMEUSDT,-1.0,sl,0.7765294117647167,546,2025-12-16 12:45:00
PLUMEUSDT,-1.0,sl,0.4190499999999859,580,2025-12-16 21:15:00
ACEUSDT,0.9850362777777804,trailed,1.287222222222229,137,2025-12-12 06:30:00
ACEUSDT,1.853058179999973,trailed,2.3562000000000283,260,2025-12-13 13:15:00
ACEUSDT,1.3973243250000267,trailed,1.8428214285714668,307,2025-12-14 01:00:00
ACEUSDT,1.0059453926174606,trailed,1.590033557046989,344,2025-12-14 10:15:00
ACEUSDT,-1.0,sl,0.0,486,2025-12-15 21:45:00
ACEUSDT,-1.0,sl,0.0,687,2025-12-18 00:00:00
WLDUSDT,-1.0,sl,0.12060085227271197,56,2025-12-11 10:15:00
WLDUSDT,1.1283942833333267,trailed,1.5735952380952267,84,2025-12-11 17:15:00
WLDUSDT,0.4821111256756882,trailed,0.9594189189189445,103,2025-12-11 22:00:00
WLDUSDT,-1.0,sl,0.0,160,2025-12-12 12:15:00
WLDUSDT,0.559354249999969,trailed,1.575357142857046,250,2025-12-13 10:45:00
WLDUSDT,0.7450555977272992,trailed,1.0469772727272992,303,2025-12-14 00:00:00
WLDUSDT,0.862296180957945,trailed,1.164346962616818,387,2025-12-14 21:00:00
WLDUSDT,0.9733685708332102,trailed,2.025541666666497,493,2025-12-15 23:30:00
WLDUSDT,-1.0,sl,0.5489599406528357,631,2025-12-17 10:00:00
WLDUSDT,0.8748011982029615,trailed,1.1768657505285403,685,2025-12-17 23:30:00
WLDUSDT,0.8025358604166787,trailed,1.3545208333333372,698,2025-12-18 02:45:00
TIAUSDT,0.9483901250000253,trailed,1.5362499999999715,100,2025-12-11 21:15:00
TIAUSDT,-1.0,sl,2.30313432835818,197,2025-12-12 21:30:00
TIAUSDT,0.4155345072183615,trailed,0.7417411971831377,258,2025-12-13 12:45:00
TIAUSDT,1.1446521736111548,trailed,1.4470138888889295,282,2025-12-13 18:45:00
TIAUSDT,0.802864665000023,trailed,1.5548499999999952,313,2025-12-14 02:30:00
TIAUSDT,0.5897448232628051,trailed,1.9700453172205064,344,2025-12-14 10:15:00
TIAUSDT,0.6546856000862081,trailed,0.9565077586206934,379,2025-12-14 19:00:00
TIAUSDT,-1.0,sl,0.2146206896551793,418,2025-12-15 04:45:00
TIAUSDT,0.44926065672589605,trailed,3.3447652284264047,452,2025-12-15 13:15:00
TIAUSDT,0.6428861476562526,trailed,0.9446953125000096,487,2025-12-15 22:00:00
TIAUSDT,-1.0,sl,0.388722222222262,532,2025-12-16 09:15:00
TIAUSDT,0.4475581065217847,trailed,0.7926304347826404,614,2025-12-17 05:45:00
TIAUSDT,0.5929504226436846,trailed,0.8947045977011544,685,2025-12-17 23:30:00
TIAUSDT,2.0658738250000166,trailed,2.4461730769230874,698,2025-12-18 02:45:00
INJUSDT,-1.0,sl,0.0,62,2025-12-11 11:45:00
INJUSDT,-1.0,sl,0.0,194,2025-12-12 20:45:00
INJUSDT,-1.0,sl,0.0,253,2025-12-13 11:30:00
INJUSDT,0.5856871566666574,trailed,0.887433333333324,280,2025-12-13 18:15:00
INJUSDT,2.0501078533334063,trailed,2.686800000000091,314,2025-12-14 02:45:00
INJUSDT,1.557808312500003,trailed,1.8606250000000142,395,2025-12-14 23:00:00
INJUSDT,-1.0,sl,0.0,513,2025-12-16 04:30:00
INJUSDT,0.8895064633721007,trailed,1.2322848837209508,605,2025-12-17 03:30:00
INJUSDT,0.6214898356140547,trailed,0.9232754385965012,626,2025-12-17 08:45:00
INJUSDT,1.8920652249999763,trailed,2.19524999999998,698,2025-12-18 02:45:00
DYDXUSDT,-1.0,sl,0.003636363636392539,63,2025-12-11 12:00:00
DYDXUSDT,-1.0,sl,0.0,100,2025-12-11 21:15:00
DYDXUSDT,-1.0,sl,0.0011342592592738826,130,2025-12-12 04:45:00
DYDXUSDT,-1.0,sl,0.0,195,2025-12-12 21:00:00
DYDXUSDT,-1.0,sl,0.22057291666667353,251,2025-12-13 11:00:00
DYDXUSDT,-1.0,sl,0.0,311,2025-12-14 02:00:00
DYDXUSDT,2.3270237437498893,trailed,2.6306874999999033,340,2025-12-14 09:15:00
DYDXUSDT,-1.0,sl,0.08777083333333563,487,2025-12-15 22:00:00
DYDXUSDT,-1.0,sl,0.0,519,2025-12-16 06:00:00
DYDXUSDT,0.9701970633333343,trailed,1.4723666666666677,586,2025-12-16 22:45:00
DYDXUSDT,0.6676314752293561,trailed,0.9694678899082574,605,2025-12-17 03:30:00
ETHFIUSDT,-1.0,sl,0.0,64,2025-12-11 12:15:00
ETHFIUSDT,-1.0,sl,0.0630781250000188,194,2025-12-12 20:45:00
ETHFIUSDT,0.9386582310344919,trailed,1.2407931034482798,251,2025-12-13 11:00:00
ETHFIUSDT,1.4364499633980694,trailed,2.051754368932048,344,2025-12-14 10:15:00
ETHFIUSDT,2.5138937347345114,trailed,3.4062588495575232,448,2025-12-15 12:15:00
ETHFIUSDT,-1.0,sl,0.0,484,2025-12-15 21:15:00
ETHFIUSDT,-1.0,sl,0.0,519,2025-12-16 06:00:00
ETHFIUSDT,1.2360468990741034,trailed,1.5755462962963156,605,2025-12-17 03:30:00
ETHFIUSDT,0.7758684675925955,trailed,1.1611574074074134,683,2025-12-17 23:00:00
ENAUSDT,-1.0,sl,0.0,100,2025-12-11 21:15:00
ENAUSDT,-1.0,sl,0.0,146,2025-12-12 08:45:00
ENAUSDT,-1.0,sl,0.0,161,2025-12-12 12:30:00
ENAUSDT,-1.0,sl,0.22664285714285945,197,2025-12-12 21:30:00
ENAUSDT,-1.0,sl,0.21215384615386262,224,2025-12-13 04:15:00
ENAUSDT,-1.0,sl,0.3713846153846208,397,2025-12-14 23:30:00
ENAUSDT,0.9295251849999923,trailed,1.231649999999996,587,2025-12-16 23:00:00
ENAUSDT,0.4449088500000021,trailed,0.8964999999999937,617,2025-12-17 06:30:00
ENAUSDT,0.4858637500000064,trailed,0.7875000000000039,683,2025-12-17 23:00:00
SOMIUSDT,-1.0,sl,0.0,51,2025-12-11 09:00:00
SOMIUSDT,-1.0,sl,0.0,156,2025-12-12 11:15:00
SOMIUSDT,-1.0,sl,0.5767604166666704,191,2025-12-12 20:00:00
SOMIUSDT,1.8239287192307734,trailed,2.1270384615384614,201,2025-12-12 22:30:00
SOMIUSDT,-1.0,sl,0.0,287,2025-12-13 20:00:00
SOMIUSDT,-1.0,sl,0.0,299,2025-12-13 23:00:00
SOMIUSDT,1.6727855118643977,trailed,2.3486101694915194,328,2025-12-14 06:15:00
SOMIUSDT,-1.0,sl,0.0,477,2025-12-15 19:30:00
SOMIUSDT,0.8322618452076633,trailed,1.1342795527156515,629,2025-12-17 09:30:00
TNSRUSDT,-1.0,sl,0.27985487804878073,66,2025-12-11 12:45:00
TNSRUSDT,0.7557547452247307,trailed,1.3329691011236076,162,2025-12-12 12:45:00
TNSRUSDT,-1.0,sl,0.5292786259542013,195,2025-12-12 21:00:00
TNSRUSDT,-1.0,sl,0.0,236,2025-12-13 07:15:00
TNSRUSDT,0.9100820132001889,trailed,1.2121854171590636,265,2025-12-13 14:30:00
TNSRUSDT,0.444879470588227,trailed,0.7660784313725453,358,2025-12-14 13:45:00
TNSRUSDT,-1.0,sl,0.0,490,2025-12-15 22:45:00
TNSRUSDT,0.873482951973673,trailed,1.1755460526315769,578,2025-12-16 20:45:00
TNSRUSDT,-1.0,sl,0.0,604,2025-12-17 03:15:00
MMTUSDT,2.9967,tp,6.327833333333515,61,2025-12-11 11:30:00
MMTUSDT,-1.0,sl,0.3584000000000028,237,2025-12-13 07:30:00
MMTUSDT,0.8757736625000061,trailed,1.1778392857142947,355,2025-12-14 13:00:00
MMTUSDT,-1.0,sl,0.0,498,2025-12-16 00:45:00
MMTUSDT,-1.0,sl,0.005181818181815711,619,2025-12-17 07:00:00
SUSDT,-1.0,sl,0.0,98,2025-12-11 20:45:00
SUSDT,-1.0,sl,0.0,133,2025-12-12 05:30:00
SUSDT,0.47155766494252566,trailed,0.7731781609195452,250,2025-12-13 10:45:00
SUSDT,0.5390801474999903,trailed,0.8741083333333314,311,2025-12-14 02:00:00
SUSDT,0.4271978899337863,trailed,0.7287695364238475,380,2025-12-14 19:15:00
SUSDT,0.8712789836597411,trailed,1.173339657282751,514,2025-12-16 04:45:00
SUSDT,-1.0,sl,0.4402674418604655,567,2025-12-16 18:00:00
SUSDT,-1.0,sl,0.0,641,2025-12-17 12:30:00
SUSDT,0.6779751114583571,trailed,1.3027395833333515,683,2025-12-17 23:00:00
SUSDT,2.1609459597561704,trailed,2.464426829268366,697,2025-12-18 02:30:00
RESOLVUSDT,-1.0,sl,0.0,207,2025-12-13 00:00:00
RESOLVUSDT,-1.0,sl,0.5137674418604641,246,2025-12-13 09:45:00
RESOLVUSDT,0.4407282685185316,trailed,1.408981481481462,269,2025-12-13 15:30:00
RESOLVUSDT,-1.0,sl,1.1108888888888002,312,2025-12-14 02:15:00
RESOLVUSDT,0.5040432236784895,trailed,0.8056994931209234,389,2025-12-14 21:30:00
RESOLVUSDT,1.4600458715685858,trailed,1.9000098039215199,411,2025-12-15 03:00:00
RESOLVUSDT,0.7005987099999877,trailed,1.0024714285714162,458,2025-12-15 14:45:00
RESOLVUSDT,0.648680651901153,trailed,0.9504961977186419,525,2025-12-16 07:30:00
RESOLVUSDT,0.6840439380543575,trailed,0.985898426323312,549,2025-12-16 13:30:00
RESOLVUSDT,0.7344156232558225,trailed,1.0363255813953671,578,2025-12-16 20:45:00
RESOLVUSDT,-1.0,sl,0.0,635,2025-12-17 11:00:00
RESOLVUSDT,0.7719554822033784,trailed,1.4298389830508254,647,2025-12-17 14:00:00
RESOLVUSDT,0.40921815300000436,trailed,0.8107699999999878,673,2025-12-17 20:30:00
ZECUSDT,-1.0,sl,0.0,219,2025-12-13 03:00:00
ZECUSDT,2.120027978436288,trailed,2.528509460635068,243,2025-12-13 09:00:00
ZECUSDT,-1.0,sl,0.0,344,2025-12-14 10:15:00
ZECUSDT,-1.0,sl,0.0020319148936183916,551,2025-12-16 14:00:00
ZECUSDT,0.42887463630952943,trailed,0.7304481292517082,625,2025-12-17 08:30:00
ZECUSDT,-1.0,sl,0.24939599098374401,683,2025-12-17 23:00:00
ADAUSDT,0.5012890711538667,trailed,0.8029423076923304,164,2025-12-12 13:15:00
ADAUSDT,-1.0,sl,0.4500000000000025,210,2025-12-13 00:45:00
ADAUSDT,1.0001235282608518,trailed,1.3023260869565114,294,2025-12-13 21:45:00
ADAUSDT,0.46373427307697185,trailed,0.7653461538462112,304,2025-12-14 00:15:00
ADAUSDT,0.6994142999999938,trailed,1.0012857142857072,475,2025-12-15 19:00:00
ADAUSDT,0.5797149454545504,trailed,0.8814545454545503,514,2025-12-16 04:45:00
ADAUSDT,-1.0,sl,1.5295972222222407,546,2025-12-16 12:45:00
ADAUSDT,0.5873131681222776,trailed,1.0724672489083007,605,2025-12-17 03:30:00
ADAUSDT,-1.0,sl,0.32410000000000466,635,2025-12-17 11:00:00
XPLUSDT,1.0170288250000261,trailed,1.8192500000000207,75,2025-12-11 15:00:00
XPLUSDT,2.9967,tp,4.249591549295747,146,2025-12-12 08:45:00
XPLUSDT,1.2163964883720593,trailed,4.412894056847537,161,2025-12-12 12:30:00
XPLUSDT,0.5930918230769259,trailed,0.8948461538461574,195,2025-12-12 21:00:00
XPLUSDT,-1.0,sl,0.8932403846154024,229,2025-12-13 05:30:00
XPLUSDT,-1.0,sl,0.43641666666668755,350,2025-12-14 11:45:00
XPLUSDT,-1.0,sl,0.41618750000000065,520,2025-12-16 06:15:00
XPLUSDT,0.4656377010067234,trailed,0.7672516778523636,546,2025-12-16 12:45:00
XPLUSDT,0.7963013044117642,trailed,1.0982794117647012,591,2025-12-17 00:00:00
XPLUSDT,-1.0,sl,0.4832777777777906,640,2025-12-17 12:15:00
SEIUSDT,-1.0,sl,1.222416666666626,101,2025-12-11 21:30:00
SEIUSDT,0.5320628750000053,trailed,0.8337500000000014,112,2025-12-12 00:15:00
SEIUSDT,-1.0,sl,0.09560714285715535,131,2025-12-12 05:00:00
SEIUSDT,0.49099571330274683,trailed,0.7926376146788966,145,2025-12-12 08:30:00
SEIUSDT,-1.0,sl,0.33425000000002636,162,2025-12-12 12:45:00
SEIUSDT,-1.0,sl,0.020855371900848012,195,2025-12-12 21:00:00
SEIUSDT,1.0896987999999135,trailed,1.3919999999999275,251,2025-12-13 11:00:00
SEIUSDT,1.3748847500000196,trailed,4.177499999999965,279,2025-12-13 18:00:00
SEIUSDT,0.443521488888865,trailed,1.1895555555555457,303,2025-12-14 00:00:00
SEIUSDT,0.771848820000046,trailed,2.8738000000000348,368,2025-12-14 16:15:00
SEIUSDT,0.8038981423077035,trailed,1.1058846153846287,386,2025-12-14 20:45:00
SEIUSDT,-1.0,sl,2.016960784313758,487,2025-12-15 22:00:00
SEIUSDT,-1.0,sl,0.15705555555556958,532,2025-12-16 09:15:00
SEIUSDT,0.5746659600000004,trailed,0.9201499999999957,608,2025-12-17 04:15:00
SEIUSDT,-1.0,sl,6.52329629629619,648,2025-12-17 14:15:00
SEIUSDT,1.0775195889344167,trailed,1.3798073770491752,683,2025-12-17 23:00:00
0GUSDT,-1.0,sl,0.6843451327433618,64,2025-12-11 12:15:00
0GUSDT,-1.0,sl,0.0,74,2025-12-11 14:45:00
0GUSDT,2.9967,tp,4.402233626588477,162,2025-12-12 12:45:00
0GUSDT,-1.0,sl,0.0,233,2025-12-13 06:30:00
0GUSDT,0.8279733164383697,trailed,1.1299863013698805,297,2025-12-13 22:30:00
0GUSDT,2.9967,tp,4.363934782608541,334,2025-12-14 07:45:00
0GUSDT,0.7372272334532446,trailed,1.0391402877697937,408,2025-12-15 02:15:00
0GUSDT,1.5931639097656256,trailed,1.8960195312499961,490,2025-12-15 22:45:00
0GUSDT,0.4669163682021565,trailed,0.7685317531306007,516,2025-12-16 05:15:00
0GUSDT,0.7488348015957429,trailed,1.0507606382978765,567,2025-12-16 18:00:00
0GUSDT,0.4508039975409844,trailed,0.7524016393442631,640,2025-12-17 12:15:00
DOODUSDT,-1.0,sl,0.6848870967742189,149,2025-12-12 09:30:00
DOODUSDT,-1.0,sl,0.18216666666666878,196,2025-12-12 21:15:00
DOODUSDT,0.47488729572915833,trailed,0.7765114583333295,287,2025-12-13 20:00:00
DOODUSDT,1.2676735439024576,trailed,1.765292682926824,368,2025-12-14 16:15:00
DOODUSDT,0.8059770819734425,trailed,1.1079658444022848,380,2025-12-14 19:15:00
DOODUSDT,-1.0,sl,0.0,447,2025-12-15 12:00:00
DOODUSDT,-1.0,sl,0.5081188118811958,555,2025-12-16 15:00:00
DOODUSDT,-1.0,sl,0.0,645,2025-12-17 13:30:00
DOODUSDT,2.2478163249999485,trailed,2.9085357142856885,683,2025-12-17 23:00:00
LRCUSDT,0.4817059082802565,trailed,0.7833375796178352,52,2025-12-11 09:15:00
LRCUSDT,-1.0,sl,0.09077232142857189,126,2025-12-12 03:45:00
LRCUSDT,0.9015352213483161,trailed,1.2036292134831506,145,2025-12-12 08:30:00
LRCUSDT,-1.0,sl,0.0,194,2025-12-12 20:45:00
LRCUSDT,-1.0,sl,0.0,232,2025-12-13 06:15:00
LRCUSDT,-1.0,sl,0.5235491803278727,260,2025-12-13 13:15:00
LRCUSDT,0.6655749553140899,trailed,0.9674091053299523,291,2025-12-13 21:00:00
LRCUSDT,2.162433155421703,trailed,3.0201325301205024,325,2025-12-14 05:30:00
LRCUSDT,-1.0,sl,0.0,419,2025-12-15 05:00:00
LRCUSDT,0.4739337056818078,trailed,0.7755568181818062,488,2025-12-15 22:15:00
LRCUSDT,0.5018491587349483,trailed,0.803503012048203,590,2025-12-16 23:45:00
LRCUSDT,0.8145989652778041,trailed,1.227708333333367,614,2025-12-17 05:45:00
LRCUSDT,-1.0,sl,0.900656250000016,644,2025-12-17 13:15:00
LRCUSDT,-1.0,sl,0.675001453488377,676,2025-12-17 21:15:00
TAOUSDT,-1.0,sl,0.0,63,2025-12-11 12:00:00
TAOUSDT,2.2662908785713896,trailed,4.620908163265255,100,2025-12-11 21:15:00
TAOUSDT,0.5908387543624218,trailed,1.8959463087248598,161,2025-12-12 12:30:00
TAOUSDT,1.6094790099242247,trailed,2.103051177271871,250,2025-12-13 10:45:00
TAOUSDT,1.0811292894736861,trailed,1.3834210526315802,395,2025-12-14 23:00:00
TAOUSDT,0.6231254589211637,trailed,0.9249128630705507,452,2025-12-15 13:15:00
TAOUSDT,0.4079190671361564,trailed,0.7094694835680866,676,2025-12-17 21:15:00
TAOUSDT,-1.0,sl,1.5467818181817838,686,2025-12-17 23:45:00
DOTUSDT,0.44760656184300623,trailed,0.7492006825938674,145,2025-12-12 08:30:00
DOTUSDT,-1.0,sl,0.0,194,2025-12-12 20:45:00
DOTUSDT,1.5722280393938588,trailed,2.1477878787878355,250,2025-12-13 10:45:00
DOTUSDT,2.9967,tp,3.0758612975391832,271,2025-12-13 16:00:00
DOTUSDT,-1.0,sl,0.0,484,2025-12-15 21:15:00
DOTUSDT,0.4866241738738813,trailed,0.8693423423423696,585,2025-12-16 22:30:00
DOTUSDT,1.6110783892056266,trailed,1.913953738317771,605,2025-12-17 03:30:00
DOTUSDT,0.8828952843750086,trailed,1.1849687500000048,683,2025-12-17 23:00:00
ZKUSDT,-1.0,sl,0.33343999999999013,62,2025-12-11 11:45:00
ZKUSDT,-1.0,sl,1.3705338809035346,100,2025-12-11 21:15:00
ZKUSDT,2.9967,tp,5.552237871674584,162,2025-12-12 12:45:00
ZKUSDT,2.9967,tp,3.007580882352979,223,2025-12-13 04:00:00
ZKUSDT,0.48875955101010404,trailed,0.7903989898989947,381,2025-12-14 19:30:00
ZKUSDT,1.2388545480000168,trailed,1.5413200000000113,394,2025-12-14 22:45:00
ZKUSDT,1.409388420833356,trailed,1.7953750000000346,487,2025-12-15 22:00:00
ZKUSDT,0.5589090342485566,trailed,0.8606257225433563,572,2025-12-16 19:15:00
ZKUSDT,-1.0,sl,0.2654047619047653,627,2025-12-17 09:00:00
ZKUSDT,0.4044134440000104,trailed,0.7059600000000048,699,2025-12-18 03:00:00
CROUSDT,-1.0,sl,0.0,363,2025-12-14 15:00:00
MORPHOUSDT,-1.0,sl,0.0,163,2025-12-12 13:00:00
MORPHOUSDT,2.9967,tp,3.2415079365079373,277,2025-12-13 17:30:00
MORPHOUSDT,-1.0,sl,0.0,372,2025-12-14 17:15:00
MORPHOUSDT,-1.0,timeout,0.9813469696969694,472,2025-12-15 18:15:00
MORPHOUSDT,-1.0,sl,0.0,566,2025-12-16 17:45:00
MORPHOUSDT,1.116147286567192,trailed,1.418477611940323,604,2025-12-17 03:15:00
MORPHOUSDT,-1.0,sl,0.45730992978938434,626,2025-12-17 08:45:00
MORPHOUSDT,0.5634374159091107,trailed,0.8651590909091106,683,2025-12-17 23:00:00
APEXUSDT,-1.0,sl,0.20343750000001196,84,2025-12-11 17:15:00
APEXUSDT,-1.0,sl,0.0,102,2025-12-11 21:45:00
APEXUSDT,-1.0,sl,0.3223823529411829,196,2025-12-12 21:15:00
APEXUSDT,0.441973058536587,trailed,0.7435609756097605,378,2025-12-14 18:45:00
APEXUSDT,0.4352619390410898,trailed,0.8190342465753369,578,2025-12-16 20:45:00
PYRUSDT,-1.0,sl,0.0,91,2025-12-11 19:00:00
PYRUSDT,-1.0,sl,0.27669090909092586,195,2025-12-12 21:00:00
PYRUSDT,-1.0,sl,0.0,223,2025-12-13 04:00:00
PYRUSDT,0.7090346583333261,trailed,1.0585357142857126,355,2025-12-14 13:00:00
PYRUSDT,-1.0,sl,0.04442418032788028,429,2025-12-15 07:30:00
PYRUSDT,-1.0,sl,0.22862549019608502,477,2025-12-15 19:30:00
PYRUSDT,1.4178914445945894,trailed,1.7205540540540507,526,2025-12-16 07:45:00
PYRUSDT,-1.0,sl,0.0,641,2025-12-17 12:30:00
PYRUSDT,0.481009272406186,trailed,0.7826401766004432,684,2025-12-17 23:15:00
ASTERUSDT,0.5960192312499982,trailed,1.1656339285714419,100,2025-12-11 21:15:00
ASTERUSDT,-1.0,sl,0.08727307692307339,189,2025-12-12 19:30:00
ASTERUSDT,-1.0,sl,0.0,251,2025-12-13 11:00:00
ASTERUSDT,-1.0,sl,0.0,261,2025-12-13 13:30:00
ASTERUSDT,-1.0,sl,0.0,306,2025-12-14 00:45:00
ASTERUSDT,0.5561703674563755,trailed,0.8578840399002612,362,2025-12-14 14:45:00
ASTERUSDT,0.589355192439295,trailed,0.8911054083885263,391,2025-12-14 22:00:00
ASTERUSDT,2.9967,tp,4.100300338409467,623,2025-12-17 08:00:00
SAROSUSDT,-1.0,sl,3.4360450268817,711,2025-12-18 06:00:00
SAROSUSDT,-1.0,sl,0.23190559440559722,783,2025-12-19 00:00:00
SAROSUSDT,-1.0,sl,0.1316945525291864,849,2025-12-19 16:30:00
SAROSUSDT,-1.0,sl,0.0,872,2025-12-19 22:15:00
SAROSUSDT,-1.0,sl,0.3792926829268327,919,2025-12-20 10:00:00
LIGHTUSDT,0.6717165947284414,trailed,0.9735575079872288,710,2025-12-18 05:45:00
LIGHTUSDT,0.689564743360994,trailed,1.7964045643153568,776,2025-12-18 22:15:00
NXPCUSDT,1.6269590148148387,trailed,1.9298518518518697,725,2025-12-18 09:30:00
NXPCUSDT,0.40207140769229205,trailed,0.7036153846153647,820,2025-12-19 09:15:00
NXPCUSDT,0.4145565600000066,trailed,0.7161142857142907,947,2025-12-20 17:00:00
SUIUSDT,1.378781115323336,trailed,1.6814006560449866,752,2025-12-18 16:15:00
SUIUSDT,-1.0,sl,0.0,809,2025-12-19 06:30:00
SUIUSDT,0.4747418512195501,trailed,0.7763658536585637,903,2025-12-20 06:00:00
HBARUSDT,0.9435460196078592,trailed,1.2456862745098227,820,2025-12-19 09:15:00
HBARUSDT,-1.0,sl,0.0,911,2025-12-20 08:00:00
HBARUSDT,-1.0,sl,0.35112695035461544,941,2025-12-20 15:30:00
BERAUSDT,-1.0,sl,0.0,735,2025-12-18 12:00:00
BERAUSDT,1.5432618312500586,trailed,1.8460625000000481,875,2025-12-19 23:00:00
BERAUSDT,-1.0,sl,0.0,899,2025-12-20 05:00:00
AXLUSDT,2.9967,tp,5.186666666666524,811,2025-12-19 07:00:00
AXLUSDT,0.4756931318181794,trailed,0.7773181818181756,889,2025-12-20 02:30:00
AXLUSDT,0.7772571499999973,trailed,1.079214285714283,939,2025-12-20 15:00:00
PENGUUSDT,0.42171520568059445,trailed,0.8733344051446993,707,2025-12-18 05:00:00
PENGUUSDT,1.4752023139580839,trailed,1.7779280347963606,752,2025-12-18 16:15:00
PENGUUSDT,-1.0,sl,0.0,810,2025-12-19 06:45:00
PENGUUSDT,-1.0,sl,3.3742200000001765,839,2025-12-19 14:00:00
PENGUUSDT,-1.0,timeout,0.5463038194444495,852,2025-12-19 17:15:00
PENGUUSDT,-1.0,sl,3.1917890772129875,912,2025-12-20 08:15:00
LUNA2USDT,0.6469740572890099,trailed,1.2454629156010277,736,2025-12-18 12:15:00
LUNA2USDT,-1.0,sl,0.660028225806451,788,2025-12-19 01:15:00
LUNA2USDT,-1.0,sl,0.0,810,2025-12-19 06:45:00
LUNA2USDT,0.4482841653225977,trailed,0.7498790322580778,844,2025-12-19 15:15:00
LDOUSDT,0.808531152272765,trailed,1.110522727272765,730,2025-12-18 10:45:00
POLUSDT,-1.0,sl,1.8016764705882182,728,2025-12-18 10:15:00
POLUSDT,2.083948183606562,trailed,2.3873442622950853,752,2025-12-18 16:15:00
POLUSDT,-1.0,sl,0.5250363501483841,876,2025-12-19 23:15:00
ETHUSDT,0.9396584423858485,trailed,1.241794416243712,706,2025-12-18 04:45:00
ETHUSDT,-1.0,timeout,0.40873800580501124,853,2025-12-19 17:30:00
PTBUSDT,2.9967,tp,3.271955800139762,850,2025-12-19 16:45:00
PTBUSDT,-1.0,sl,0.0,869,2025-12-19 21:30:00
PTBUSDT,-1.0,sl,0.0,904,2025-12-20 06:15:00
PTBUSDT,1.7230014000000016,trailed,2.0260000000000007,928,2025-12-20 12:15:00
MOVEUSDT,0.7745117965909285,trailed,1.4628295454545575,706,2025-12-18 04:45:00
MOVEUSDT,-1.0,sl,0.0,808,2025-12-19 06:15:00
MOVEUSDT,1.4881249135135115,trailed,1.790864864864861,905,2025-12-20 06:30:00
MOVEUSDT,-1.0,sl,0.0,940,2025-12-20 15:15:00
AVNTUSDT,1.6669992743221658,trailed,1.9699362041467303,727,2025-12-18 10:00:00
AVNTUSDT,0.4890525461538504,trailed,0.8163333333333357,786,2025-12-19 00:45:00
AVNTUSDT,-1.0,sl,0.0,809,2025-12-19 06:30:00
AVNTUSDT,2.2119629500000673,trailed,2.5155000000000673,927,2025-12-20 12:00:00
LTCUSDT,2.9967,tp,3.233909482758628,752,2025-12-18 16:15:00
LTCUSDT,-1.0,sl,0.3469395348837269,785,2025-12-19 00:30:00
LTCUSDT,-1.0,sl,0.2562318181818261,853,2025-12-19 17:30:00
LTCUSDT,2.001205312671195,trailed,2.304510273972573,879,2025-12-20 00:00:00
CRVUSDT,-1.0,sl,0.4960783333333298,708,2025-12-18 05:15:00
CRVUSDT,-1.0,sl,0.0,718,2025-12-18 07:45:00
CRVUSDT,-1.0,sl,0.009166666666652746,752,2025-12-18 16:15:00
CRVUSDT,1.5209646259259406,trailed,1.8607777777777825,852,2025-12-19 17:15:00
CRVUSDT,0.4252400333333166,trailed,0.8696666666666719,904,2025-12-20 06:15:00
PUMPFUNUSDT,-1.0,sl,1.1945999999999108,739,2025-12-18 13:00:00
PUMPFUNUSDT,1.5689862206521759,trailed,1.871815217391305,752,2025-12-18 16:15:00
PUMPFUNUSDT,2.9967,tp,4.66666666666671,841,2025-12-19 14:30:00
PUMPFUNUSDT,-1.0,sl,0.0,941,2025-12-20 15:30:00
USELESSUSDT,2.0825229991582477,trailed,2.385917508417508,751,2025-12-18 16:00:00
USELESSUSDT,-1.0,sl,0.5278549848942946,808,2025-12-19 06:15:00
USELESSUSDT,0.44787481461538964,trailed,1.1033153846154051,888,2025-12-20 02:15:00
JUPUSDT,1.792345598130846,trailed,2.0954205607476695,752,2025-12-18 16:15:00
JUPUSDT,0.7041858312500112,trailed,1.0060625000000183,811,2025-12-19 07:00:00
JUPUSDT,-1.0,sl,0.0,871,2025-12-19 22:00:00
JUPUSDT,-1.0,sl,0.6256055555555387,902,2025-12-20 05:45:00
AEROUSDT,2.9967,tp,3.1717888888889005,751,2025-12-18 16:00:00
PLUMEUSDT,2.4002858696969667,trailed,2.7040303030303,752,2025-12-18 16:15:00
PLUMEUSDT,-1.0,sl,0.051604166666674854,807,2025-12-19 06:00:00
PLUMEUSDT,0.7905282499999968,trailed,1.0924999999999998,852,2025-12-19 17:15:00
PLUMEUSDT,-1.0,sl,0.26977934272300363,891,2025-12-20 03:00:00
ACEUSDT,-1.0,sl,0.166439024390243,719,2025-12-18 08:00:00
ACEUSDT,-1.0,sl,0.0,859,2025-12-19 19:00:00
ACEUSDT,0.657058561666665,trailed,0.9922166666666649,886,2025-12-20 01:45:00
WLDUSDT,-1.0,sl,0.0,728,2025-12-18 10:15:00
WLDUSDT,0.44167916260053297,trailed,0.7432667560321717,787,2025-12-19 01:00:00
WLDUSDT,-1.0,sl,0.0,808,2025-12-19 06:15:00
WLDUSDT,-1.0,sl,0.2539081632653336,842,2025-12-19 14:45:00
WLDUSDT,-1.0,sl,0.2642857142857384,941,2025-12-20 15:30:00
TIAUSDT,1.602862571478878,trailed,1.9057288732394406,752,2025-12-18 16:15:00
INJUSDT,-1.0,sl,0.0,810,2025-12-19 06:45:00
INJUSDT,0.4017609335025491,trailed,0.703304568527931,877,2025-12-19 23:30:00
INJUSDT,-1.0,sl,0.0,905,2025-12-20 06:30:00
DYDXUSDT,2.9967,tp,3.204185714285717,752,2025-12-18 16:15:00
DYDXUSDT,0.41123683909091857,trailed,0.8400636363636277,787,2025-12-19 01:00:00
DYDXUSDT,0.44050460909089756,trailed,1.1057272727272582,827,2025-12-19 11:00:00
DYDXUSDT,-1.0,sl,0.5510000000000042,940,2025-12-20 15:15:00
ETHFIUSDT,-1.0,sl,0.2645606060606167,797,2025-12-19 03:30:00
ETHFIUSDT,1.1230316586956568,trailed,1.4253695652173974,811,2025-12-19 07:00:00
ETHFIUSDT,0.8182792029411752,trailed,1.1286848739495738,852,2025-12-19 17:15:00
ETHFIUSDT,1.0082642830645265,trailed,1.3104758064516195,940,2025-12-20 15:15:00
ENAUSDT,-1.0,sl,0.0,728,2025-12-18 10:15:00
ENAUSDT,1.6625086932203477,trailed,1.9654406779661098,752,2025-12-18 16:15:00
ENAUSDT,-1.0,sl,0.0,805,2025-12-19 05:30:00
ENAUSDT,0.4434105000000031,trailed,0.7450000000000008,937,2025-12-20 14:30:00
SOMIUSDT,0.41698866763926534,trailed,0.7185490716180428,708,2025-12-18 05:15:00
SOMIUSDT,1.5114909256608062,trailed,1.8142566079295275,752,2025-12-18 16:15:00
SOMIUSDT,2.9967,tp,10.47441666666688,783,2025-12-19 00:00:00
SOMIUSDT,-1.0,sl,0.0,837,2025-12-19 13:30:00
SOMIUSDT,-1.0,sl,0.696045454545467,874,2025-12-19 22:45:00
SOMIUSDT,1.1921352915492938,trailed,1.5191971830985873,945,2025-12-20 16:30:00
TNSRUSDT,1.1078446751618112,trailed,1.4101658576051843,729,2025-12-18 10:30:00
MMTUSDT,-1.0,sl,0.20653333333335097,737,2025-12-18 12:30:00
MMTUSDT,-1.0,sl,0.0,782,2025-12-18 23:45:00
MMTUSDT,-1.0,sl,0.0,819,2025-12-19 09:00:00
MMTUSDT,2.9967,tp,4.6594166666667665,839,2025-12-19 14:00:00
MMTUSDT,-1.0,sl,0.0,883,2025-12-20 01:00:00
RESOLVUSDT,-1.0,sl,0.21257390510947585,727,2025-12-18 10:00:00
RESOLVUSDT,1.6155305365145165,trailed,1.918410788381736,911,2025-12-20 08:00:00
RESOLVUSDT,0.705532851132693,trailed,1.3342718446602002,939,2025-12-20 15:00:00
ZECUSDT,1.1463122330434792,trailed,1.4486757763975184,752,2025-12-18 16:15:00
ZECUSDT,0.9984159582278536,trailed,1.481448462929482,774,2025-12-18 21:45:00
ZECUSDT,-1.0,sl,0.0,840,2025-12-19 14:15:00
ZECUSDT,0.6568531755952456,trailed,1.8668409863945636,891,2025-12-20 03:00:00
ZECUSDT,-1.0,sl,0.2428507751937931,903,2025-12-20 06:00:00
ZECUSDT,-1.0,sl,0.12393617021276844,940,2025-12-20 15:15:00
ADAUSDT,-1.0,sl,0.5253252788104118,707,2025-12-18 05:00:00
ADAUSDT,1.3498214409091098,trailed,2.016045454545487,729,2025-12-18 10:30:00
ADAUSDT,2.18631857083333,trailed,2.4898273809523794,752,2025-12-18 16:15:00
XPLUSDT,-1.0,sl,0.0,723,2025-12-18 09:00:00
XPLUSDT,2.3037020274111635,trailed,2.6073401015228383,752,2025-12-18 16:15:00
XPLUSDT,0.460618822727278,trailed,0.9440454545454606,806,2025-12-19 05:45:00
XPLUSDT,-1.0,sl,0.15809999999999422,842,2025-12-19 14:45:00
XPLUSDT,0.9216338750000265,trailed,1.2237500000000079,913,2025-12-20 08:30:00
SEIUSDT,1.413734638219895,trailed,1.7163926701570693,752,2025-12-18 16:15:00
SEIUSDT,-1.0,sl,1.1042786885246223,842,2025-12-19 14:45:00
SEIUSDT,1.1159457586206918,trailed,1.4182758620689613,875,2025-12-19 23:00:00
SEIUSDT,-1.0,sl,0.017166666666708984,903,2025-12-20 06:00:00
0GUSDT,-1.0,sl,0.9964540229885085,739,2025-12-18 13:00:00
0GUSDT,-1.0,sl,0.4286053719008329,790,2025-12-19 01:45:00
0GUSDT,2.9967,tp,3.1181250000000245,811,2025-12-19 07:00:00
0GUSDT,-1.0,sl,0.0,833,2025-12-19 12:30:00
0GUSDT,-1.0,sl,0.0,947,2025-12-20 17:00:00
DOODUSDT,-1.0,sl,0.0,784,2025-12-19 00:15:00
DOODUSDT,0.960041580000016,trailed,1.262200000000023,808,2025-12-19 06:15:00
DOODUSDT,0.4134063787162159,trailed,0.7825304054054089,865,2025-12-19 20:30:00
DOODUSDT,-1.0,sl,0.41307446808511555,875,2025-12-19 23:00:00
LRCUSDT,1.4911152462264237,trailed,1.7938584905660457,728,2025-12-18 10:15:00
LRCUSDT,-1.0,sl,0.03378723404255936,853,2025-12-19 17:30:00
LRCUSDT,-1.0,sl,0.15894909502263188,922,2025-12-20 10:45:00
TAOUSDT,-1.0,sl,1.7355696004993981,728,2025-12-18 10:15:00
TAOUSDT,1.6509981055655378,trailed,1.9539174147217306,752,2025-12-18 16:15:00
TAOUSDT,2.258531071641756,trailed,2.5621194029850227,796,2025-12-19 03:15:00
TAOUSDT,-1.0,sl,0.0121847826087632,903,2025-12-20 06:00:00
DOTUSDT,2.006692783712111,trailed,2.31000378787878,752,2025-12-18 16:15:00
ZKUSDT,1.440425297423516,trailed,1.743112721417075,752,2025-12-18 16:15:00
ZKUSDT,1.425310701851865,trailed,1.7279814814814998,852,2025-12-19 17:15:00
CROUSDT,0.8565878573529793,trailed,1.393926470588289,826,2025-12-19 10:45:00
CROUSDT,1.615675545126643,trailed,8.488953068592362,837,2025-12-19 13:30:00
CROUSDT,-1.0,sl,0.48872277227723454,852,2025-12-19 17:15:00
MORPHOUSDT,2.9967,tp,4.490414634146404,706,2025-12-18 04:45:00
MORPHOUSDT,-1.0,sl,0.0,732,2025-12-18 11:15:00
MORPHOUSDT,-1.0,sl,0.36830094043885775,790,2025-12-19 01:45:00
MORPHOUSDT,-1.0,sl,0.0,940,2025-12-20 15:15:00
APEXUSDT,1.2299443600000213,trailed,1.9324000000000177,708,2025-12-18 05:15:00
APEXUSDT,-1.0,sl,0.3667236842105294,842,2025-12-19 14:45:00
APEXUSDT,1.6739928687499983,trailed,1.9769374999999962,852,2025-12-19 17:15:00
APEXUSDT,1.0701952775000163,trailed,1.3724750000000108,877,2025-12-19 23:30:00
APEXUSDT,0.5308246552083371,trailed,1.4575104166666653,912,2025-12-20 08:15:00
PYRUSDT,-1.0,sl,0.0,937,2025-12-20 14:30:00
ASTERUSDT,-1.0,sl,0.22318636363635463,731,2025-12-18 11:00:00
ASTERUSDT,2.9967,tp,3.716056701030953,751,2025-12-18 16:00:00
ASTERUSDT,0.43972795239233986,trailed,0.7413133971291839,920,2025-12-20 10:15:00
