id,symbol,side,setup,status,decision_at,opened_at,closed_at,entry,qty,remaining,original_stop,target1,target2,exit_reason,gross_pnl,fees,funding,net_pnl,risk_cash
monitored_shadow:9ace642e1cd579d924fe3fbd,SOLUSDT,Buy,2,CLOSED,1701043200,1701043200.0,1703181600.0,57.61315841389501,3.408,0.0,50.3985,77.285,93.4265,TP2,94.45948440664583,0.2679329246856648,-1.7686776331091056,92.42287384885105,24.99967960992
monitored_shadow:a6c6b09d2bf9ea97241d0b4d,LINKUSDT,Buy,2,CLOSED,1702263600,1702263600.0,1704286800.0,14.826187572315002,11.4234,0.0,12.6572,22.43,28.3504,STOP,-24.82058911112719,0.17265069421382157,-2.8319177011224457,-27.82515750646346,25.133726505773087
monitored_shadow:465104fada0306036194fe06,BTCUSDT,Buy,2,CLOSED,1704286800,1704286800.0,1705953600.0,42810.779171937,0.0081,0.0,39826.017,50561.3,56947.094,STOP,-24.273350813999674,0.36809369947425885,-2.011250405497602,-26.652694918971534,24.929600566707368
monitored_shadow:99d5d75211aff90689cb5773,BNBUSDT,Buy,2X,CLOSED,1704682800,1704682800.0,1709226000.0,292.8324598909501,0.5305,0.0,269.6958,363.4007,450.4815,STOP,48.220610502069974,0.19740371774550242,4.122837009190775,52.14604379351525,12.5847352159
monitored_shadow:9659df6bd5c16e225149920d,LINKUSDT,Buy,2X,CLOSED,1708657200,1708657200.0,1710914400.0,18.026307270300002,7.2077,0.0,16.3184,25.2836,32.5662,STOP,-12.345368671645307,0.13613108363395054,-4.485767721995233,-16.96726747727449,12.603791182779133
monitored_shadow:21bdb32d6eef411bb5724937,LINKUSDT,Buy,2X,CLOSED,1717786800,1717786800.0,1718121600.0,16.194666392835,9.7246,0.0,14.9345,20.0832,24.5634,STOP,-12.298183715373238,0.1664713170406843,-0.17323531808413958,-12.637890350498063,12.591336036642627
monitored_shadow:9162a56bfb9d43a2085576a4,ETHUSDT,Buy,2X,CLOSED,1718100000,1718100000.0,1719223200.0,3517.4607332434502,0.0652,0.0,3332.0331,4317.3814,5246.2428,STOP,-12.155056254908928,0.24558700284802032,-0.7229733778022716,-13.12361663555922,12.57156483632
monitored_shadow:a3caef52bea82ec2f849f02b,LINKUSDT,Buy,2,CLOSED,1727874000,1727874000.0,1732132800.0,10.953832664250001,13.6644,0.0,9.1368,14.097,17.0763,STOP,43.375405215360416,0.1885017790315637,-1.9134231804113788,41.27348025591748,25.11823084456572
monitored_shadow:2e661e8f7d170fa732a2591c,BNBUSDT,Buy,2,CLOSED,1727895600,1727895600.0,1733781600.0,537.97823456685,0.3448,0.0,466.29,671.5799,795.5384,STOP,49.05213825572212,0.23102306084716207,-2.3884573134187588,46.432657881456194,25.099512030112
monitored_shadow:c2df87d0ff958f90104ab812,ETHUSDT,Buy,2,CLOSED,1729702800,1729702800.0,1731261600.0,2492.3620588723497,0.1183,0.0,2285.0091,2885.75,3242.7438,TP2,67.52738224782703,0.3614711349573637,-1.4969497787839625,65.66896133408571,25.149117169631
monitored_shadow:b51900df23f60046a1f0ede6,SOLUSDT,Buy,2X,CLOSED,1733162400,1733162400.0,1734685200.0,220.80725881095,0.3129,0.0,180.5899,286.8148,368.2617,STOP,-12.600963545859251,0.06906912045991831,-0.614748044955286,-13.284780711274456,12.737576436399344
monitored_shadow:3789ac7f0519b20f5dede05a,BTCUSDT,Buy,2,CLOSED,1733778000,1733778000.0,1736780400.0,96330.105184446,0.0038,0.0,89957.7359,123716.4,144017.7,STOP,-24.317555099820808,0.38928518436608284,-3.314197966187948,-28.02103825037484,24.989059400237235
monitored_shadow:a0cb4f693eba30a6efda3083,LINKUSDT,Buy,2,CLOSED,1734624000,1734624000.0,1736758800.0,24.181460912595,4.8682,0.0,18.9898,33.994,43.0878,STOP,-25.301777498002984,0.11557622919226283,-0.7036182725713525,-26.1209719997666,25.525548693848307
monitored_shadow:a15976f38c7d4cb2fcbbf4ac,ETHUSDT,Buy,1,CLOSED,1734642000,1734642000.0,1736780400.0,3382.2534252160503,0.0647,0.0,2995.7639,4109.99,5090.4704,STOP,-25.064020058777462,0.2269297652402987,-1.4286061827726129,-26.719556006790373,25.442226250845295
monitored_shadow:6e6e434de8cd531ce06ffa23,LINKUSDT,Buy,2,EXPIRED,1748566800,,1748566800.0,,17.8713,17.8713,13.0,18.447,21.6908,IOC_PRICE_MISSED,0.0,0.0,0.0,0.0,25.266412129086
monitored_shadow:608f293dba73520c5d67790a,ETHUSDT,Buy,2,CLOSED,1749834000,1749834000.0,1750543200.0,2561.5162554093,0.1198,0.0,2355.8237,3784.5,4652.7158,STOP,-24.72663644181213,0.32395696209484093,-0.32213027496313845,-25.37272367887011,25.263392418308666
monitored_shadow:79930d76a888a72397ca4176,BNBUSDT,Buy,1,CLOSED,1750600800,1750600800.0,1753232400.0,616.3756652424,0.6022,0.0,575.7469,698.0,803.3211,TP2,80.7307432660637,0.45270147696620566,-0.06585315262441599,80.21218863647307,25.203021379648
monitored_shadow:bf5890089fae47178f498368,BTCUSDT,Buy,2,CLOSED,1755270000,1755270000.0,1756065600.0,117395.9759753235,0.0036,0.0,110731.5,137034.6,152598.6828,STOP,-24.111703531164554,0.4516266279201405,-0.7550965524801275,-25.318426711564825,24.871265713739483
monitored_shadow:365fe03549c8f162d3250a6a,ETHUSDT,Buy,2,CLOSED,1756152000,1756152000.0,1758524400.0,4420.316635781551,0.0618,0.0,4019.4,5500.49,6390.7128,STOP,-24.851167767299813,0.28682498262841494,-0.7272780466851482,-25.865270796613373,25.326573153087832
