sym,n,t0,t1,live
0GUSDT,5970,2025-09-18 07:00:00,2026-05-25 00:00:00,False
1000000BABYDOGEUSDT,18581,2024-06-11 13:00:00,2026-07-25 18:00:00,True
1000000MOGUSDT,17721,2024-05-16 16:00:00,2026-05-25 00:00:00,False
10000QUBICUSDT,11855,2024-12-24 10:00:00,2026-05-14 10:00:00,False
10000SATSUSDT,23573,2023-11-16 13:00:00,2026-07-25 18:00:00,True
1000BONKUSDT,29771,2023-03-03 07:00:00,2026-07-25 18:00:00,True
1000BTTUSDT,28290,2023-03-03 07:00:00,2026-05-25 00:00:00,False
1000FLOKIUSDT,29771,2023-03-03 07:00:00,2026-07-25 18:00:00,True
1000LUNCUSDT,29771,2023-03-03 07:00:00,2026-07-25 18:00:00,True
1000NEIROCTOUSDT,16255,2024-09-16 11:00:00,2026-07-25 18:00:00,True
1000PEPEUSDT,28303,2023-05-03 11:00:00,2026-07-25 18:00:00,True
1000RATSUSDT,21952,2023-11-22 09:00:00,2026-05-25 00:00:00,False
1000TAGUSDT,7216,2025-07-28 09:00:00,2026-05-25 00:00:00,False
1000TOSHIUSDT,14337,2024-12-05 09:00:00,2026-07-25 18:00:00,True
1000TURBOUSDT,21053,2024-02-29 13:00:00,2026-07-25 18:00:00,True
1INCHUSDT,29771,2023-03-03 07:00:00,2026-07-25 18:00:00,True
2ZUSDT,5628,2025-10-02 13:00:00,2026-05-25 00:00:00,False
4USDT,5485,2025-10-08 12:00:00,2026-05-25 00:00:00,False
AAVEUSDT,29771,2023-03-03 07:00:00,2026-07-25 18:00:00,True
ACEUSDT,16763,2024-08-26 07:00:00,2026-07-25 18:00:00,True
ACHUSDT,28290,2023-03-03 07:00:00,2026-05-25 00:00:00,False
ACTUSDT,14913,2024-11-11 09:00:00,2026-07-25 18:00:00,True
ACUUSDT,2921,2026-01-23 08:00:00,2026-05-25 00:00:00,False
ACXUSDT,14312,2024-12-06 10:00:00,2026-07-25 18:00:00,True
ADAUSDT,29771,2023-03-03 07:00:00,2026-07-25 18:00:00,True
AERGOUSDT,22092,2023-11-16 13:00:00,2026-05-25 00:00:00,False
AEROUSDT,17769,2024-07-15 09:00:00,2026-07-25 18:00:00,True
AEVOUSDT,20742,2024-03-13 12:00:00,2026-07-25 18:00:00,True
AGIUSDT,23552,2023-11-17 10:00:00,2026-07-25 18:00:00,True
AGLDUSDT,28290,2023-03-03 07:00:00,2026-05-25 00:00:00,False
AIOZUSDT,17055,2024-06-13 10:00:00,2026-05-25 00:00:00,False
AIXBTUSDT,13977,2024-12-20 09:00:00,2026-07-25 18:00:00,True
AKEUSDT,5772,2025-09-26 13:00:00,2026-05-25 00:00:00,False
AKTUSDT,18225,2024-06-26 09:00:00,2026-07-25 18:00:00,True
ALCHUSDT,13546,2025-01-07 08:00:00,2026-07-25 18:00:00,True
ALGOUSDT,29771,2023-03-03 07:00:00,2026-07-25 18:00:00,True
ALICEUSDT,29771,2023-03-03 07:00:00,2026-07-25 18:00:00,True
ALLOUSDT,4597,2025-11-14 12:00:00,2026-05-25 00:00:00,False
ALTUSDT,20412,2024-01-25 13:00:00,2026-05-25 00:00:00,False
ANIMEUSDT,13156,2025-01-23 14:00:00,2026-07-25 18:00:00,True
ANKRUSDT,29771,2023-03-03 07:00:00,2026-07-25 18:00:00,True
APEUSDT,29771,2023-03-03 07:00:00,2026-07-25 18:00:00,True
APEXUSDT,5729,2025-09-28 08:00:00,2026-05-25 00:00:00,False
API3USDT,28290,2023-03-03 07:00:00,2026-05-25 00:00:00,False
APRUSDT,5125,2025-10-23 12:00:00,2026-05-25 00:00:00,False
APTUSDT,29771,2023-03-03 07:00:00,2026-07-25 18:00:00,True
ARBUSDT,29284,2023-03-23 14:00:00,2026-07-25 18:00:00,True
ARCUSDT,13641,2025-01-03 09:00:00,2026-07-25 18:00:00,True
ARIAUSDT,6324,2025-09-03 13:00:00,2026-05-25 00:00:00,False
ARKMUSDT,26248,2023-07-28 02:00:00,2026-07-25 18:00:00,True
ARKUSDT,26143,2023-08-01 11:00:00,2026-07-25 18:00:00,True
ARPAUSDT,16769,2024-08-26 01:00:00,2026-07-25 18:00:00,True
ARUSDT,29771,2023-03-03 07:00:00,2026-07-25 18:00:00,True
ASPUSDT,7309,2025-07-24 12:00:00,2026-05-25 00:00:00,False
ASTERUSDT,5944,2025-09-19 09:00:00,2026-05-25 00:00:00,False
ASTRUSDT,28290,2023-03-03 07:00:00,2026-05-25 00:00:00,False
ATHUSDT,4289,2025-11-27 08:00:00,2026-05-25 00:00:00,False
ATOMUSDT,29770,2023-03-03 08:00:00,2026-07-25 18:00:00,True
ATUSDT,4979,2025-10-29 14:00:00,2026-05-25 00:00:00,False
AUCTIONUSDT,26240,2023-07-28 10:00:00,2026-07-25 18:00:00,True
AUSDT,10162,2025-05-28 08:00:00,2026-07-25 18:00:00,True
AVAAIUSDT,13520,2025-01-08 10:00:00,2026-07-25 18:00:00,True
AVAXUSDT,29769,2023-03-03 09:00:00,2026-07-25 18:00:00,True
AVNTUSDT,6179,2025-09-09 14:00:00,2026-05-25 00:00:00,False
AWEUSDT,8824,2025-05-22 09:00:00,2026-05-25 00:00:00,False
AXLUSDT,21589,2023-12-07 12:00:00,2026-05-25 00:00:00,False
AXSUSDT,29769,2023-03-03 09:00:00,2026-07-25 18:00:00,True
AZTECUSDT,2442,2026-02-12 07:00:00,2026-05-25 00:00:00,False
B2USDT,8392,2025-06-09 09:00:00,2026-05-25 00:00:00,False
B3USDT,12680,2025-02-12 10:00:00,2026-07-25 18:00:00,True
BABYUSDT,11479,2025-04-03 11:00:00,2026-07-25 18:00:00,True
BANANAS31USDT,11625,2025-03-28 09:00:00,2026-07-25 18:00:00,True
BANANAUSDT,17671,2024-07-19 11:00:00,2026-07-25 18:00:00,True
BANDUSDT,8763,2025-07-25 15:00:00,2026-07-25 18:00:00,True
BANKUSDT,9160,2025-05-08 09:00:00,2026-05-25 00:00:00,False
BANUSDT,13264,2024-11-18 09:00:00,2026-05-25 00:00:00,False
BARDUSDT,6015,2025-09-16 10:00:00,2026-05-25 00:00:00,False
BATUSDT,16769,2024-08-26 01:00:00,2026-07-25 18:00:00,True
BBUSDT,16769,2024-08-26 01:00:00,2026-07-25 18:00:00,True
BCHUSDT,29769,2023-03-03 09:00:00,2026-07-25 18:00:00,True
BEAMUSDT,23623,2023-11-14 11:00:00,2026-07-25 18:00:00,True
BEATUSDT,4430,2025-11-21 11:00:00,2026-05-25 00:00:00,False
BELUSDT,29769,2023-03-03 09:00:00,2026-07-25 18:00:00,True
BERAUSDT,11340,2025-02-06 13:00:00,2026-05-25 00:00:00,False
BICOUSDT,28288,2023-03-03 09:00:00,2026-05-25 00:00:00,False
BIGTIMEUSDT,15288,2024-08-26 01:00:00,2026-05-25 00:00:00,False
BIOUSDT,13858,2024-12-25 08:00:00,2026-07-25 18:00:00,True
BIRBUSDT,2798,2026-01-28 11:00:00,2026-05-25 00:00:00,False
BLASTUSDT,18200,2024-06-27 10:00:00,2026-07-25 18:00:00,True
BLESSUSDT,5823,2025-09-24 10:00:00,2026-05-25 00:00:00,False
BLUAIUSDT,5101,2025-10-24 12:00:00,2026-05-25 00:00:00,False
BLURUSDT,29769,2023-03-03 09:00:00,2026-07-25 18:00:00,True
BNBUSDT,29769,2023-03-03 09:00:00,2026-07-25 18:00:00,True
BNTUSDT,24522,2023-08-07 07:00:00,2026-05-25 00:00:00,False
BOBAUSDT,28287,2023-03-03 10:00:00,2026-05-25 00:00:00,False
BOBBOBUSDT,4361,2025-11-24 08:00:00,2026-05-25 00:00:00,False
BOMEUSDT,19215,2024-03-15 10:00:00,2026-05-25 00:00:00,False
BRETTUSDT,19686,2024-04-26 12:00:00,2026-07-25 18:00:00,True
BREVUSDT,3491,2025-12-30 14:00:00,2026-05-25 00:00:00,False
BROCCOLIUSDT,12630,2025-02-14 12:00:00,2026-07-25 18:00:00,True
BRUSDT,11813,2025-03-20 13:00:00,2026-07-25 18:00:00,True
BSUUSDT,5617,2025-08-27 10:00:00,2026-04-30 09:00:00,False
BSVUSDT,29768,2023-03-03 10:00:00,2026-07-25 18:00:00,True
BTCUSDT-24APR26,1562,2026-02-06 08:00:00,2026-04-24 08:00:00,False
BTCUSDT-25DEC26,3256,2026-01-09 09:00:00,2026-05-25 00:00:00,False
BTCUSDT-25SEP26,5441,2025-10-10 08:00:00,2026-05-25 00:00:00,False
BTCUSDT-26JUN26,8568,2025-07-04 08:00:00,2026-06-26 08:00:00,True
BTCUSDT-29MAY26,1913,2026-03-06 08:00:00,2026-05-25 00:00:00,False
BTCUSDT,29768,2023-03-03 10:00:00,2026-07-25 18:00:00,True
BTRUSDT,6494,2025-08-27 11:00:00,2026-05-25 00:00:00,False
BUSDT,10284,2025-05-23 06:00:00,2026-07-25 18:00:00,True
C98USDT,29768,2023-03-03 10:00:00,2026-07-25 18:00:00,True
CAKEUSDT,23886,2023-11-03 12:00:00,2026-07-25 18:00:00,True
CAMPUSDT,5259,2025-08-28 08:00:00,2026-04-16 09:00:00,False
CARVUSDT,15537,2024-10-16 09:00:00,2026-07-25 18:00:00,True
CATIUSDT,16379,2024-09-11 07:00:00,2026-07-25 18:00:00,True
CCUSDT,4931,2025-10-31 14:00:00,2026-05-25 00:00:00,False
CELOUSDT,29768,2023-03-03 10:00:00,2026-07-25 18:00:00,True
CETUSUSDT,21635,2024-02-05 07:00:00,2026-07-25 18:00:00,True
CFXUSDT,29768,2023-03-03 10:00:00,2026-07-25 18:00:00,True
CHILLGUYUSDT,14672,2024-11-21 10:00:00,2026-07-25 18:00:00,True
CHRUSDT,29768,2023-03-03 10:00:00,2026-07-25 18:00:00,True
CHZUSDT,29768,2023-03-03 10:00:00,2026-07-25 18:00:00,True
CKBUSDT,28287,2023-03-03 10:00:00,2026-05-25 00:00:00,False
CLANKERUSDT,10880,2025-04-28 10:00:00,2026-07-25 18:00:00,True
CLOUSDT,5269,2025-10-17 12:00:00,2026-05-25 00:00:00,False
COAIUSDT,5633,2025-10-02 08:00:00,2026-05-25 00:00:00,False
COMPUSDT,29768,2023-03-03 10:00:00,2026-07-25 18:00:00,True
COOKIEUSDT,13546,2025-01-07 08:00:00,2026-07-25 18:00:00,True
COREUSDT,29768,2023-03-03 10:00:00,2026-07-25 18:00:00,True
COTIUSDT,29768,2023-03-03 10:00:00,2026-07-25 18:00:00,True
COWUSDT,14984,2024-11-08 10:00:00,2026-07-25 18:00:00,True
CROSSUSDT,9127,2025-07-10 11:00:00,2026-07-25 18:00:00,True
CROUSDT,29767,2023-03-03 11:00:00,2026-07-25 18:00:00,True
CRVUSDT,29767,2023-03-03 11:00:00,2026-07-25 18:00:00,True
CTCUSDT,29767,2023-03-03 11:00:00,2026-07-25 18:00:00,True
CUSDT,7527,2025-07-15 10:00:00,2026-05-25 00:00:00,False
CVCUSDT,16763,2024-08-26 07:00:00,2026-07-25 18:00:00,True
CVXUSDT,28286,2023-03-03 11:00:00,2026-05-25 00:00:00,False
CYBERUSDT,25790,2023-08-16 04:00:00,2026-07-25 18:00:00,True
CYSUSDT,3926,2025-12-12 11:00:00,2026-05-25 00:00:00,False
DASHUSDT,29767,2023-03-03 11:00:00,2026-07-25 18:00:00,True
DBRUSDT,4286,2025-11-27 11:00:00,2026-05-25 00:00:00,False
DEEPUSDT,15510,2024-10-17 12:00:00,2026-07-25 18:00:00,True
DEGENUSDT,14745,2024-08-26 07:00:00,2026-05-14 09:00:00,False
DEXEUSDT,17528,2024-07-25 10:00:00,2026-07-25 18:00:00,True
DOGEUSDT,29767,2023-03-03 11:00:00,2026-07-25 18:00:00,True
DOGUSDT,17271,2024-06-04 10:00:00,2026-05-25 00:00:00,False
DOLOUSDT,7216,2025-07-28 09:00:00,2026-05-25 00:00:00,False
DOODUSDT,10613,2025-05-09 13:00:00,2026-07-25 18:00:00,True
DOTUSDT,29767,2023-03-03 11:00:00,2026-07-25 18:00:00,True
DRIFTUSDT,19088,2024-05-21 10:00:00,2026-07-25 18:00:00,True
DUSKUSDT,29767,2023-03-03 11:00:00,2026-07-25 18:00:00,True
DYDXUSDT,29764,2023-03-03 14:00:00,2026-07-25 18:00:00,True
DYMUSDT,21590,2024-02-07 04:00:00,2026-07-25 18:00:00,True
EDENUSDT,5678,2025-09-30 11:00:00,2026-05-25 00:00:00,False
EDUUSDT,28257,2023-05-05 09:00:00,2026-07-25 18:00:00,True
EGLDUSDT,29764,2023-03-03 14:00:00,2026-07-25 18:00:00,True
EIGENUSDT,17219,2024-08-07 07:00:00,2026-07-25 18:00:00,True
ELSAUSDT,2946,2026-01-22 07:00:00,2026-05-25 00:00:00,False
ENAUSDT,18782,2024-04-02 11:00:00,2026-05-25 00:00:00,False
ENJUSDT,29764,2023-03-03 14:00:00,2026-07-25 18:00:00,True
ENSOUSDT,5344,2025-10-14 09:00:00,2026-05-25 00:00:00,False
ENSUSDT,29764,2023-03-03 14:00:00,2026-07-25 18:00:00,True
EPICUSDT,11962,2025-03-14 08:00:00,2026-07-25 18:00:00,True
ERAUSDT,8954,2025-07-17 16:00:00,2026-07-25 18:00:00,True
ESPORTSUSDT,8672,2025-07-29 10:00:00,2026-07-25 18:00:00,True
ESPUSDT,2487,2026-02-10 10:00:00,2026-05-25 00:00:00,False
ETCUSDT,29764,2023-03-03 14:00:00,2026-07-25 18:00:00,True
ETHBTCUSDT,18680,2024-06-07 10:00:00,2026-07-25 18:00:00,True
ETHFIUSDT,20620,2024-03-18 14:00:00,2026-07-25 18:00:00,True
ETHUSDT-24APR26,1566,2026-02-06 08:00:00,2026-04-24 08:00:00,False
ETHUSDT-25DEC26,3256,2026-01-09 09:00:00,2026-05-25 00:00:00,False
ETHUSDT-25SEP26,5441,2025-10-10 08:00:00,2026-05-25 00:00:00,False
ETHUSDT-26JUN26,8568,2025-07-04 08:00:00,2026-06-26 08:00:00,True
ETHUSDT-29MAY26,1913,2026-03-06 08:00:00,2026-05-25 00:00:00,False
ETHUSDT,29764,2023-03-03 14:00:00,2026-07-25 18:00:00,True
EULUSDT,5345,2025-10-14 08:00:00,2026-05-25 00:00:00,False
EVAAUSDT,5269,2025-10-17 12:00:00,2026-05-25 00:00:00,False
FARTCOINUSDT,13977,2024-12-20 09:00:00,2026-07-25 18:00:00,True
FFUSDT,5699,2025-09-29 14:00:00,2026-05-25 00:00:00,False
FHEUSDT,3305,2026-01-07 08:00:00,2026-05-25 00:00:00,False
FIDAUSDT,16041,2024-09-25 09:00:00,2026-07-25 18:00:00,True
FIGHTUSDT,2917,2026-01-23 12:00:00,2026-05-25 00:00:00,False
FILUSDT,28283,2023-03-03 14:00:00,2026-05-25 00:00:00,False
FLOCKUSDT,13496,2025-01-09 10:00:00,2026-07-25 18:00:00,True
FLOWUSDT,29764,2023-03-03 14:00:00,2026-07-25 18:00:00,True
FLRUSDT,29439,2023-03-17 03:00:00,2026-07-25 18:00:00,True
FLUIDUSDT,5821,2025-09-24 12:00:00,2026-05-25 00:00:00,False
FLUXUSDT,16546,2024-09-04 08:00:00,2026-07-25 18:00:00,True
FOGOUSDT,3209,2026-01-11 08:00:00,2026-05-25 00:00:00,False
FOLKSUSDT,3998,2025-12-09 11:00:00,2026-05-25 00:00:00,False
FORMUSDT,10359,2025-03-19 10:00:00,2026-05-25 00:00:00,False
FUSDT,14312,2024-12-06 10:00:00,2026-07-25 18:00:00,True
GALAUSDT,29764,2023-03-03 14:00:00,2026-07-25 18:00:00,True
GASUSDT,24152,2023-10-23 10:00:00,2026-07-25 18:00:00,True
GIGAUSDT,14169,2024-12-12 09:00:00,2026-07-25 18:00:00,True
GIGGLEUSDT,5461,2025-10-09 12:00:00,2026-05-25 00:00:00,False
GLMUSDT,25930,2023-08-10 08:00:00,2026-07-25 18:00:00,True
GMTUSDT,29764,2023-03-03 14:00:00,2026-07-25 18:00:00,True
GMXUSDT,29764,2023-03-03 14:00:00,2026-07-25 18:00:00,True
GNOUSDT,17773,2024-05-14 12:00:00,2026-05-25 00:00:00,False
GOATUSDT,15369,2024-10-23 09:00:00,2026-07-25 18:00:00,True
GODSUSDT,21954,2023-11-22 07:00:00,2026-05-25 00:00:00,False
GPSUSDT,12538,2025-02-18 08:00:00,2026-07-25 18:00:00,True
GRASSUSDT,15513,2024-10-17 09:00:00,2026-07-25 18:00:00,True
GRIFFAINUSDT,13978,2024-12-20 08:00:00,2026-07-25 18:00:00,True
GRTUSDT,21764,2024-01-30 22:00:00,2026-07-25 18:00:00,True
GUNUSDT,2283,2026-02-18 22:00:00,2026-05-25 00:00:00,False
HAEDALUSDT,10830,2025-04-30 12:00:00,2026-07-25 18:00:00,True
HANAUSDT,5269,2025-10-17 12:00:00,2026-05-25 00:00:00,False
HBARUSDT,29764,2023-03-03 14:00:00,2026-07-25 18:00:00,True
HEMIUSDT,5844,2025-09-23 13:00:00,2026-05-25 00:00:00,False
HFTUSDT,29504,2023-03-14 10:00:00,2026-07-25 18:00:00,True
HIPPOUSDT,12150,2024-11-14 09:00:00,2026-04-16 09:00:00,False
HIVEUSDT,12423,2024-12-23 10:00:00,2026-05-25 00:00:00,False
HMSTRUSDT,16329,2024-09-13 09:00:00,2026-07-25 18:00:00,True
HNTUSDT,28283,2023-03-03 14:00:00,2026-05-25 00:00:00,False
HOLOUSDT,6133,2025-09-11 12:00:00,2026-05-25 00:00:00,False
HOMEUSDT,9847,2025-06-10 11:00:00,2026-07-25 18:00:00,True
HOOKUSDT,27000,2023-03-03 14:00:00,2026-04-01 13:00:00,False
HUMAUSDT,10205,2025-05-26 13:00:00,2026-07-25 18:00:00,True
HUSDT,9489,2025-06-25 09:00:00,2026-07-25 18:00:00,True
HYPERUSDT,11022,2025-04-22 12:00:00,2026-07-25 18:00:00,True
HYPEUSDT,14334,2024-12-05 12:00:00,2026-07-25 18:00:00,True
ICNTUSDT,9293,2025-07-03 13:00:00,2026-07-25 18:00:00,True
ICPUSDT,29764,2023-03-03 14:00:00,2026-07-25 18:00:00,True
ICXUSDT,28283,2023-03-03 14:00:00,2026-05-25 00:00:00,False
IDUSDT,29264,2023-03-24 10:00:00,2026-07-25 18:00:00,True
ILVUSDT,28283,2023-03-03 14:00:00,2026-05-25 00:00:00,False
IMXUSDT,29764,2023-03-03 14:00:00,2026-07-25 18:00:00,True
INITUSDT,11215,2025-04-14 11:00:00,2026-07-25 18:00:00,True
INJUSDT,29764,2023-03-03 14:00:00,2026-07-25 18:00:00,True
INUSDT,6975,2025-08-07 10:00:00,2026-05-25 00:00:00,False
INXUSDT,2776,2026-01-29 09:00:00,2026-05-25 00:00:00,False
IOSTUSDT,28283,2023-03-03 14:00:00,2026-05-25 00:00:00,False
IOTAUSDT,28283,2023-03-03 14:00:00,2026-05-25 00:00:00,False
IOTXUSDT,29764,2023-03-03 14:00:00,2026-07-25 18:00:00,True
IOUSDT,17099,2024-06-11 14:00:00,2026-05-25 00:00:00,False
IPUSDT,5283,2025-10-16 22:00:00,2026-05-25 00:00:00,False
IRYSUSDT,4291,2025-11-27 06:00:00,2026-05-25 00:00:00,False
JASMYUSDT,28282,2023-03-03 15:00:00,2026-05-25 00:00:00,False
JCTUSDT,4527,2025-11-17 10:00:00,2026-05-25 00:00:00,False
JELLYJELLYUSDT,12996,2025-01-30 06:00:00,2026-07-25 18:00:00,True
JSTUSDT,29763,2023-03-03 15:00:00,2026-07-25 18:00:00,True
JTOUSDT,23054,2023-12-08 04:00:00,2026-07-25 18:00:00,True
JUPUSDT,21745,2024-01-31 17:00:00,2026-07-25 18:00:00,True
KAIAUSDT,15153,2024-11-01 09:00:00,2026-07-25 18:00:00,True
KAITOUSDT,12485,2025-02-20 13:00:00,2026-07-25 18:00:00,True
KASUSDT,26071,2023-08-04 11:00:00,2026-07-25 18:00:00,True
KATUSDT,2009,2026-03-02 08:00:00,2026-05-25 00:00:00,False
KAVAUSDT,29763,2023-03-03 15:00:00,2026-07-25 18:00:00,True
KERNELUSDT,9733,2025-04-14 12:00:00,2026-05-25 00:00:00,False
KGENUSDT,5506,2025-10-07 15:00:00,2026-05-25 00:00:00,False
KITEUSDT,4980,2025-10-29 13:00:00,2026-05-25 00:00:00,False
KMNOUSDT,15704,2024-10-09 10:00:00,2026-07-25 18:00:00,True
KNCUSDT,29763,2023-03-03 15:00:00,2026-07-25 18:00:00,True
KSMUSDT,28282,2023-03-03 15:00:00,2026-05-25 00:00:00,False
L3USDT,14622,2024-07-31 09:00:00,2026-04-01 14:00:00,False
LABUSDT,5032,2025-10-27 09:00:00,2026-05-25 00:00:00,False
LAUSDT,8491,2025-06-05 06:00:00,2026-05-25 00:00:00,False
LDOUSDT,29763,2023-03-03 15:00:00,2026-07-25 18:00:00,True
LIGHTUSDT,5748,2025-09-27 13:00:00,2026-05-25 00:00:00,False
LINEAUSDT,6375,2025-09-01 10:00:00,2026-05-25 00:00:00,False
LINKUSDT,29763,2023-03-03 15:00:00,2026-07-25 18:00:00,True
LISTAUSDT,15653,2024-06-21 11:00:00,2026-04-16 09:00:00,False
LITUSDT,3492,2025-12-30 13:00:00,2026-05-25 00:00:00,False
LPTUSDT,28282,2023-03-03 15:00:00,2026-05-25 00:00:00,False
LQTYUSDT,29528,2023-03-13 10:00:00,2026-07-25 18:00:00,True
LRCUSDT,29763,2023-03-03 15:00:00,2026-07-25 18:00:00,True
LSKUSDT,22424,2024-01-03 10:00:00,2026-07-25 18:00:00,True
LTCUSDT,28282,2023-03-03 15:00:00,2026-05-25 00:00:00,False
LUMIAUSDT,13840,2024-10-25 09:00:00,2026-05-25 00:00:00,False
LUNA2USDT,29763,2023-03-03 15:00:00,2026-07-25 18:00:00,True
LYNUSDT,5537,2025-10-06 08:00:00,2026-05-25 00:00:00,False
MAGICUSDT,18763,2024-06-03 23:00:00,2026-07-25 18:00:00,True
MAGMAUSDT,3594,2025-12-26 07:00:00,2026-05-25 00:00:00,False
MANAUSDT,29763,2023-03-03 15:00:00,2026-07-25 18:00:00,True
MANTAUSDT,22062,2024-01-18 12:00:00,2026-07-25 18:00:00,True
MASKUSDT,28282,2023-03-03 15:00:00,2026-05-25 00:00:00,False
MAVIAUSDT,20102,2024-02-07 11:00:00,2026-05-25 00:00:00,False
MAVUSDT,16763,2024-08-26 07:00:00,2026-07-25 18:00:00,True
MBOXUSDT,21338,2024-01-19 09:00:00,2026-06-26 11:00:00,True
MELANIAUSDT,11756,2025-01-20 05:00:00,2026-05-25 00:00:00,False
MEMEUSDT,23886,2023-11-03 12:00:00,2026-07-25 18:00:00,True
MERLUSDT,19854,2024-04-19 12:00:00,2026-07-25 18:00:00,True
METISUSDT,22423,2024-01-03 11:00:00,2026-07-25 18:00:00,True
METUSDT,5438,2025-10-10 11:00:00,2026-05-25 00:00:00,False
MEUSDT,5282,2025-10-16 23:00:00,2026-05-25 00:00:00,False
MEWUSDT,19757,2024-04-23 13:00:00,2026-07-25 18:00:00,True
MINAUSDT,29763,2023-03-03 15:00:00,2026-07-25 18:00:00,True
MIRAUSDT,5773,2025-09-26 12:00:00,2026-05-25 00:00:00,False
MLNUSDT,10635,2025-04-09 08:00:00,2026-06-26 11:00:00,True
MMTUSDT,5030,2025-10-27 11:00:00,2026-05-25 00:00:00,False
MNTUSDT,24660,2023-10-02 06:00:00,2026-07-25 18:00:00,True
MOCAUSDT,17840,2024-07-12 10:00:00,2026-07-25 18:00:00,True
MONUSDT,4341,2025-11-25 04:00:00,2026-05-25 00:00:00,False
MOODENGUSDT,15898,2024-10-01 08:00:00,2026-07-25 18:00:00,True
MORPHOUSDT,14649,2024-11-22 09:00:00,2026-07-25 18:00:00,True
MOVEUSDT,14238,2024-12-09 12:00:00,2026-07-25 18:00:00,True
MOVRUSDT,23408,2023-11-23 10:00:00,2026-07-25 18:00:00,True
MUBARAKUSDT,11890,2025-03-17 08:00:00,2026-07-25 18:00:00,True
MUSDT,9177,2025-07-08 09:00:00,2026-07-25 18:00:00,True
MYXUSDT,8505,2025-08-05 09:00:00,2026-07-25 18:00:00,True
NAORISUSDT,8622,2025-07-31 12:00:00,2026-07-25 18:00:00,True
NEARUSDT,29763,2023-03-03 15:00:00,2026-07-25 18:00:00,True
NEOUSDT,28282,2023-03-03 15:00:00,2026-05-25 00:00:00,False
NEWTUSDT,8127,2025-06-20 10:00:00,2026-05-25 00:00:00,False
NIGHTUSDT,3998,2025-12-09 11:00:00,2026-05-25 00:00:00,False
NILUSDT,10332,2025-03-20 13:00:00,2026-05-25 00:00:00,False
NMRUSDT,15282,2024-08-26 07:00:00,2026-05-25 00:00:00,False
NOMUSDT,5657,2025-10-01 08:00:00,2026-05-25 00:00:00,False
NOTUSDT,16763,2024-08-26 07:00:00,2026-07-25 18:00:00,True
NTRNUSDT,21698,2023-10-10 13:00:00,2026-04-01 14:00:00,False
NXPCUSDT,10476,2025-05-15 06:00:00,2026-07-25 18:00:00,True
OGNUSDT,29763,2023-03-03 15:00:00,2026-07-25 18:00:00,True
OGUSDT,16763,2024-08-26 07:00:00,2026-07-25 18:00:00,True
OKBUSDT,7614,2025-09-11 12:00:00,2026-07-25 18:00:00,True
OLUSDT,13191,2024-11-21 10:00:00,2026-05-25 00:00:00,False
ONDOUSDT,21945,2024-01-23 09:00:00,2026-07-25 18:00:00,True
ONGUSDT,21807,2023-11-28 10:00:00,2026-05-25 00:00:00,False
ONTUSDT,28282,2023-03-03 15:00:00,2026-05-25 00:00:00,False
OPENUSDT,6204,2025-09-08 13:00:00,2026-05-25 00:00:00,False
OPNUSDT,2463,2026-02-11 10:00:00,2026-05-25 00:00:00,False
OPUSDT,16763,2024-08-26 07:00:00,2026-07-25 18:00:00,True
ORBSUSDT,22913,2023-10-13 08:00:00,2026-05-25 00:00:00,False
ORCAUSDT,20284,2024-04-01 14:00:00,2026-07-25 18:00:00,True
ORDERUSDT,16736,2024-08-27 10:00:00,2026-07-25 18:00:00,True
ORDIUSDT,16763,2024-08-26 07:00:00,2026-07-25 18:00:00,True
PARTIUSDT,11693,2025-03-25 13:00:00,2026-07-25 18:00:00,True
PAXGUSDT,25763,2023-08-17 07:00:00,2026-07-25 18:00:00,True
PEAQUSDT,13240,2024-11-19 09:00:00,2026-05-25 00:00:00,False
PENDLEUSDT,25311,2023-07-05 10:00:00,2026-05-25 00:00:00,False
PENGUUSDT,12563,2024-12-17 14:00:00,2026-05-25 00:00:00,False
PEOPLEUSDT,28282,2023-03-03 15:00:00,2026-05-25 00:00:00,False
PHAUSDT,16763,2024-08-26 07:00:00,2026-07-25 18:00:00,True
PIEVERSEUSDT,4596,2025-11-14 13:00:00,2026-05-25 00:00:00,False
PIPPINUSDT,13305,2025-01-17 09:00:00,2026-07-25 18:00:00,True
PIXELUSDT,21271,2024-02-20 11:00:00,2026-07-25 18:00:00,True
PLAYSOUTUSDT,2991,2026-01-20 10:00:00,2026-05-25 00:00:00,False
PLUMEUSDT,13137,2025-01-24 09:00:00,2026-07-25 18:00:00,True
PNUTUSDT,14913,2024-11-11 09:00:00,2026-07-25 18:00:00,True
POLUSDT,16521,2024-09-05 09:00:00,2026-07-25 18:00:00,True
POLYXUSDT,24129,2023-10-24 09:00:00,2026-07-25 18:00:00,True
PONKEUSDT,15917,2024-06-07 10:00:00,2026-04-01 14:00:00,False
POPCATUSDT,15282,2024-08-26 07:00:00,2026-05-25 00:00:00,False
PORTALUSDT,16763,2024-08-26 07:00:00,2026-07-25 18:00:00,True
POWERUSDT,3519,2025-12-29 10:00:00,2026-05-25 00:00:00,False
PROMPTUSDT,9827,2025-04-10 14:00:00,2026-05-25 00:00:00,False
PROMUSDT,22761,2023-09-05 08:00:00,2026-04-22 10:00:00,False
PROVEUSDT,7016,2025-08-05 17:00:00,2026-05-25 00:00:00,False
PTBUSDT,6324,2025-09-03 13:00:00,2026-05-25 00:00:00,False
PUFFERUSDT,15581,2024-10-14 13:00:00,2026-07-25 18:00:00,True
PUMPBTCUSDT,10633,2025-05-03 06:00:00,2026-07-20 09:00:00,True
PUMPFUNUSDT,9133,2025-07-10 05:00:00,2026-07-25 18:00:00,True
PYRUSDT,14272,2024-10-07 09:00:00,2026-05-25 00:00:00,False
PYTHUSDT,23459,2023-11-21 07:00:00,2026-07-25 18:00:00,True
QNTUSDT,27177,2023-06-19 09:00:00,2026-07-25 18:00:00,True
QTUMUSDT,9763,2025-06-13 23:00:00,2026-07-25 18:00:00,True
QUSDT,6109,2025-09-12 12:00:00,2026-05-25 00:00:00,False
RAVEUSDT,3859,2025-12-15 06:00:00,2026-05-25 00:00:00,False
RAYDIUMUSDT,18753,2024-06-04 09:00:00,2026-07-25 18:00:00,True
RDNTUSDT,26335,2023-04-17 09:00:00,2026-04-30 09:00:00,False
RECALLUSDT,5317,2025-10-15 12:00:00,2026-05-25 00:00:00,False
REDUSDT,12344,2025-02-26 10:00:00,2026-07-25 18:00:00,True
RENDERUSDT,16025,2024-07-26 08:00:00,2026-05-25 00:00:00,False
REQUSDT,28282,2023-03-03 15:00:00,2026-05-25 00:00:00,False
RESOLVUSDT,9845,2025-06-10 13:00:00,2026-07-25 18:00:00,True
REZUSDT,16763,2024-08-26 07:00:00,2026-07-25 18:00:00,True
RIVERUSDT,5149,2025-10-22 12:00:00,2026-05-25 00:00:00,False
RLCUSDT,27832,2023-03-22 09:00:00,2026-05-25 00:00:00,False
RLSUSDT,2958,2025-12-02 10:00:00,2026-04-16 09:00:00,False
ROAMUSDT,10647,2025-03-07 10:00:00,2026-05-25 00:00:00,False
ROBOUSDT,2127,2026-02-25 10:00:00,2026-05-25 00:00:00,False
RONINUSDT,12659,2025-02-13 07:00:00,2026-07-25 18:00:00,True
ROSEUSDT,29763,2023-03-03 15:00:00,2026-07-25 18:00:00,True
RPLUSDT,16763,2024-08-26 07:00:00,2026-07-25 18:00:00,True
RSRUSDT,29763,2023-03-03 15:00:00,2026-07-25 18:00:00,True
RUNEUSDT,29763,2023-03-03 15:00:00,2026-07-25 18:00:00,True
RVNUSDT,16763,2024-08-26 07:00:00,2026-07-25 18:00:00,True
SAFEUSDT,18133,2024-04-29 12:00:00,2026-05-25 00:00:00,False
SAGAUSDT,18613,2024-04-09 12:00:00,2026-05-25 00:00:00,False
SAHARAUSDT,8124,2025-06-20 13:00:00,2026-05-25 00:00:00,False
SANDUSDT,29763,2023-03-03 15:00:00,2026-07-25 18:00:00,True
SAPIENUSDT,6655,2025-08-20 18:00:00,2026-05-25 00:00:00,False
SCRTUSDT,15282,2024-08-26 07:00:00,2026-05-25 00:00:00,False
SCUSDT,28282,2023-03-03 15:00:00,2026-05-25 00:00:00,False
SEIUSDT,16763,2024-08-26 07:00:00,2026-07-25 18:00:00,True
SENTUSDT,4577,2025-11-15 08:00:00,2026-05-25 00:00:00,False
SHELLUSDT,11081,2025-02-17 08:00:00,2026-05-25 00:00:00,False
SHIB1000USDT,28282,2023-03-03 15:00:00,2026-05-25 00:00:00,False
SIGNUSDT,9398,2025-04-28 11:00:00,2026-05-25 00:00:00,False
SIRENUSDT,11775,2025-03-22 03:00:00,2026-07-25 18:00:00,True
SKLUSDT,29763,2023-03-03 15:00:00,2026-07-25 18:00:00,True
SKRUSDT,2990,2026-01-20 11:00:00,2026-05-25 00:00:00,False
SKYUSDT,6881,2025-08-11 08:00:00,2026-05-25 00:00:00,False
SLPUSDT,16763,2024-08-26 07:00:00,2026-07-25 18:00:00,True
SNTUSDT,23911,2023-11-02 11:00:00,2026-07-25 18:00:00,True
SNXUSDT,29763,2023-03-03 15:00:00,2026-07-25 18:00:00,True
SOLAYERUSDT,12700,2025-02-11 14:00:00,2026-07-25 18:00:00,True
SOLUSDT,29763,2023-03-03 15:00:00,2026-07-25 18:00:00,True
SOLVUSDT,12601,2025-01-17 10:00:00,2026-06-26 11:00:00,True
SOMIUSDT,7828,2025-09-02 14:00:00,2026-07-25 18:00:00,True
SONICUSDT,13542,2025-01-07 12:00:00,2026-07-25 18:00:00,True
SOONUSDT,10281,2025-05-23 09:00:00,2026-07-25 18:00:00,True
SOPHUSDT,4281,2025-11-27 16:00:00,2026-05-25 00:00:00,False
SPACEUSDT,2917,2026-01-23 12:00:00,2026-05-25 00:00:00,False
SPKUSDT,9681,2025-06-17 09:00:00,2026-07-25 18:00:00,True
SPORTFUNUSDT,3016,2026-01-19 09:00:00,2026-05-25 00:00:00,False
SPXUSDT,2281,2026-02-19 00:00:00,2026-05-25 00:00:00,False
SQDUSDT,9823,2025-06-11 11:00:00,2026-07-25 18:00:00,True
SSVUSDT,29762,2023-03-03 16:00:00,2026-07-25 18:00:00,True
STBLUSDT,5991,2025-09-17 10:00:00,2026-05-25 00:00:00,False
STEEMUSDT,24106,2023-10-25 08:00:00,2026-07-25 18:00:00,True
STGUSDT,15281,2024-08-26 08:00:00,2026-05-25 00:00:00,False
STORJUSDT,28281,2023-03-03 16:00:00,2026-05-25 00:00:00,False
STOUSDT,11168,2025-04-16 10:00:00,2026-07-25 18:00:00,True
STRKUSDT,21268,2024-02-20 14:00:00,2026-07-25 18:00:00,True
STXUSDT,29762,2023-03-03 16:00:00,2026-07-25 18:00:00,True
SUIUSDT,16762,2024-08-26 08:00:00,2026-07-25 18:00:00,True
SUNUSDT,29762,2023-03-03 16:00:00,2026-07-25 18:00:00,True
SUPERUSDT,16762,2024-08-26 08:00:00,2026-07-25 18:00:00,True
SUSDT,13353,2025-01-15 09:00:00,2026-07-25 18:00:00,True
SUSHIUSDT,29762,2023-03-03 16:00:00,2026-07-25 18:00:00,True
SWARMSUSDT,13201,2025-01-06 08:00:00,2026-07-10 09:00:00,True
SXPUSDT,27000,2023-03-03 16:00:00,2026-04-01 15:00:00,False
SXTUSDT,9281,2025-05-03 08:00:00,2026-05-25 00:00:00,False
SYRUPUSDT,10379,2025-05-19 07:00:00,2026-07-25 18:00:00,True
TAIKOUSDT,18723,2024-06-05 15:00:00,2026-07-25 18:00:00,True
TAOUSDT,20295,2024-01-30 10:00:00,2026-05-25 00:00:00,False
TAUSDT,7384,2025-07-21 09:00:00,2026-05-25 00:00:00,False
THETAUSDT,28281,2023-03-03 16:00:00,2026-05-25 00:00:00,False
THEUSDT,14529,2024-11-27 09:00:00,2026-07-25 18:00:00,True
TIAUSDT,23953,2023-10-31 17:00:00,2026-07-25 18:00:00,True
TNSRUSDT,20095,2024-04-09 11:00:00,2026-07-25 18:00:00,True
TONUSDT,15281,2024-08-26 08:00:00,2026-05-25 00:00:00,False
TOWNSUSDT,8500,2025-08-05 14:00:00,2026-07-25 18:00:00,True
TRBUSDT,29762,2023-03-03 16:00:00,2026-07-25 18:00:00,True
TREEUSDT,7187,2025-07-29 14:00:00,2026-05-25 00:00:00,False
TRIAUSDT,2607,2026-02-05 10:00:00,2026-05-25 00:00:00,False
TRUMPUSDT,13280,2025-01-18 10:00:00,2026-07-25 18:00:00,True
TRUSTUSDT,4597,2025-11-14 12:00:00,2026-05-25 00:00:00,False
TRUTHUSDT,5651,2025-10-01 14:00:00,2026-05-25 00:00:00,False
TRUUSDT,27273,2023-03-09 08:00:00,2026-04-30 09:00:00,False
TRXUSDT,16762,2024-08-26 08:00:00,2026-07-25 18:00:00,True
TUSDT,28215,2023-03-06 10:00:00,2026-05-25 00:00:00,False
TWTUSDT,15281,2024-08-26 08:00:00,2026-05-25 00:00:00,False
UAIUSDT,4527,2025-11-17 10:00:00,2026-05-25 00:00:00,False
UBUSDT,6112,2025-09-12 09:00:00,2026-05-25 00:00:00,False
UMAUSDT,27441,2023-06-08 09:00:00,2026-07-25 18:00:00,True
UNIUSDT,29762,2023-03-03 16:00:00,2026-07-25 18:00:00,True
USD1USDT,7502,2025-07-16 11:00:00,2026-05-25 00:00:00,False
USDCUSDT,15281,2024-08-26 08:00:00,2026-05-25 00:00:00,False
USDEUSDT,15281,2024-08-26 08:00:00,2026-05-25 00:00:00,False
USELESSUSDT,9127,2025-07-10 11:00:00,2026-07-25 18:00:00,True
USUALUSDT,14723,2024-11-19 07:00:00,2026-07-25 18:00:00,True
USUSDT,3926,2025-12-12 11:00:00,2026-05-25 00:00:00,False
VANAUSDT,14070,2024-12-16 12:00:00,2026-07-25 18:00:00,True
VANRYUSDT,3281,2026-01-08 08:00:00,2026-05-25 00:00:00,False
VELOUSDT,16762,2024-08-26 08:00:00,2026-07-25 18:00:00,True
VELVETUSDT,9008,2025-07-15 10:00:00,2026-07-25 18:00:00,True
VETUSDT,29762,2023-03-03 16:00:00,2026-07-25 18:00:00,True
VINEUSDT,11677,2025-01-23 12:00:00,2026-05-25 00:00:00,False
VIRTUALUSDT,13672,2024-11-01 09:00:00,2026-05-25 00:00:00,False
VVVUSDT,11565,2025-01-28 04:00:00,2026-05-25 00:00:00,False
WALUSDT,10167,2025-03-27 10:00:00,2026-05-25 00:00:00,False
WAVESUSDT,28281,2023-03-03 16:00:00,2026-05-25 00:00:00,False
WAXPUSDT,15281,2024-08-26 08:00:00,2026-05-25 00:00:00,False
WCTUSDT,9710,2025-04-15 11:00:00,2026-05-25 00:00:00,False
WETUSDT,4117,2025-12-04 12:00:00,2026-05-25 00:00:00,False
WHITEWHALEUSDT,3325,2026-01-06 12:00:00,2026-05-25 00:00:00,False
WIFUSDT,20749,2024-01-11 12:00:00,2026-05-25 00:00:00,False
WLDUSDT,24854,2023-07-24 11:00:00,2026-05-25 00:00:00,False
WLFIUSDT,6591,2025-08-23 10:00:00,2026-05-25 00:00:00,False
WOOUSDT,28281,2023-03-03 16:00:00,2026-05-25 00:00:00,False
WUSDT,15281,2024-08-26 08:00:00,2026-05-25 00:00:00,False
XAGUSDT,1847,2026-03-09 02:00:00,2026-05-25 00:00:00,False
XAIUSDT,22254,2024-01-10 12:00:00,2026-07-25 18:00:00,True
XANUSDT,5703,2025-09-29 10:00:00,2026-05-25 00:00:00,False
XAUTUSDT,11479,2025-04-03 11:00:00,2026-07-25 18:00:00,True
XAUUSDT,1847,2026-03-09 02:00:00,2026-05-25 00:00:00,False
XCNUSDT,29762,2023-03-03 16:00:00,2026-07-25 18:00:00,True
XDCUSDT,12729,2025-02-10 09:00:00,2026-07-25 18:00:00,True
XLMUSDT,29762,2023-03-03 16:00:00,2026-07-25 18:00:00,True
XMRUSDT,15281,2024-08-26 08:00:00,2026-05-25 00:00:00,False
XNYUSDT,8309,2025-08-13 13:00:00,2026-07-25 18:00:00,True
XPINUSDT,6109,2025-09-12 12:00:00,2026-05-25 00:00:00,False
XPLUSDT,8095,2025-08-22 11:00:00,2026-07-25 18:00:00,True
XRPUSDT,29762,2023-03-03 16:00:00,2026-07-25 18:00:00,True
XTZUSDT,29762,2023-03-03 16:00:00,2026-07-25 18:00:00,True
XVGUSDT,16762,2024-08-26 08:00:00,2026-07-25 18:00:00,True
XVSUSDT,25232,2023-09-08 10:00:00,2026-07-25 18:00:00,True
YBUSDT,5416,2025-10-11 09:00:00,2026-05-25 00:00:00,False
YFIUSDT,15281,2024-08-26 08:00:00,2026-05-25 00:00:00,False
YGGUSDT,28281,2023-03-03 16:00:00,2026-05-25 00:00:00,False
ZAMAUSDT,3255,2026-01-09 10:00:00,2026-05-25 00:00:00,False
ZBCNUSDT,19903,2024-04-17 11:00:00,2026-07-25 18:00:00,True
ZBTUSDT,5268,2025-10-17 13:00:00,2026-05-25 00:00:00,False
ZECUSDT,29762,2023-03-03 16:00:00,2026-07-25 18:00:00,True
ZENUSDT,16762,2024-08-26 08:00:00,2026-07-25 18:00:00,True
ZEREBROUSDT,13738,2024-12-30 08:00:00,2026-07-25 18:00:00,True
ZETAUSDT,21732,2024-02-01 06:00:00,2026-07-25 18:00:00,True
ZILUSDT,16762,2024-08-26 08:00:00,2026-07-25 18:00:00,True
ZKCUSDT,6035,2025-09-15 14:00:00,2026-05-25 00:00:00,False
ZKPUSDT,3688,2025-12-22 09:00:00,2026-05-25 00:00:00,False
ZKUSDT,18375,2024-06-20 03:00:00,2026-07-25 18:00:00,True
ZORAUSDT,10951,2025-04-25 11:00:00,2026-07-25 18:00:00,True
ZROUSDT,10762,2025-05-03 08:00:00,2026-07-25 18:00:00,True
ZRXUSDT,29762,2023-03-03 16:00:00,2026-07-25 18:00:00,True
