arm,symbol,side,setup,status,opened_at,closed_at,hold_days,entry,original_stop,final_stop,target1,target2,risk_cash,exit_reason,net_before_funding,funding_estimate,net_with_funding_estimate,risk_units_before_funding,tp1_done,trade_id
confirmed,LINKUSDT,LONG,2,CLOSED,2023-12-19T01:00:00+00:00,2024-01-03T13:00:00+00:00,15.5,14.68,12.6592,12.6592,22.47,28.4139,24.9998023808,STOP,-24.9595808873359,-2.67824540388808,-27.63782629122398,-0.9983911275436725,False,acceptance_replay:e1b7a3a53297be00e759f9d3
confirmed,BTCUSDT,LONG,1,CLOSED,2024-01-19T21:00:00+00:00,2024-01-23T12:00:00+00:00,3.625,41830.1,38645.5807,38645.5807,49054.4,58116.4049,24.711000696,STOP,-24.65737484083362,-0.34969963599999987,-25.00707447683362,-0.9978298792579833,False,acceptance_replay:b2ca479efe0b6d44d88aaa94
confirmed,SOLUSDT,SHORT,2XS,CLOSED,2024-04-24T17:00:00+00:00,2024-05-17T07:00:00+00:00,22.583333333333332,151.47,164.8807,164.8807,79.6985,2.274,12.499369106,STOP,-12.49657894445554,0.5717951148690004,-11.924783829586541,-0.9997767758099791,False,acceptance_replay:142d1dc09aca5953fc1499cd
confirmed,LINKUSDT,SHORT,2S,CLOSED,2024-07-18T01:00:00+00:00,2024-07-21T23:00:00+00:00,3.9166666666666665,13.726,14.9794,14.9794,8.118,4.0145,24.93752797328,STOP,-24.93279913070432,0.252588559165254,-24.680210571539067,-0.9998103724402536,False,acceptance_replay:41349a3d919129ce90bc5f03
confirmed,BTCUSDT,LONG,2,CLOSED,2024-12-07T21:00:00+00:00,2025-01-13T15:00:00+00:00,36.75,100144.9,89927.145,89927.145,123717.5,144038.576,24.907168416,STOP,-24.861024440673344,-1.8533143669271985,-26.71433880760054,-0.9981473616528399,False,acceptance_replay:7e7eba8d7621e955d5424b43
confirmed,LINKUSDT,LONG,1,CLOSED,2025-01-01T21:00:00+00:00,2025-02-03T02:00:00+00:00,32.208333333333336,21.467,17.7725,17.7725,30.96,42.6436,24.8751396712,STOP,-24.838616286087436,-1.22975738152967,-26.068373667617106,-0.9985317314557695,False,acceptance_replay:2f580e6fbf1015dbf6672069
confirmed,SOLUSDT,SHORT,2S,CLOSED,2025-04-16T01:00:00+00:00,2025-04-23T00:00:00+00:00,6.958333333333333,126.04,149.6821,149.6821,79.2101,37.0254,24.9668052844,STOP,-24.975915926401818,-0.20713181257863997,-25.18304773898046,-1.00036491020369,False,acceptance_replay:9f5aa9700dcd7f3f3e9ce1fa
confirmed,ETHUSDT,LONG,2,CLOSED,2025-06-16T09:00:00+00:00,2025-06-21T22:00:00+00:00,5.541666666666667,2627.75,2356.6059,2356.6059,3785.47,4653.797,24.97410895,STOP,-24.92810329066906,-0.0445261043285,-24.97262939499756,-0.9981578658352517,False,acceptance_replay:c73eb208b78cbd12e79cc2c5
monitored_zone,SOLUSDT,LONG,2,CLOSED,2023-11-27T00:00:00+00:00,2023-12-21T18:00:00+00:00,24.75,57.62216156403,50.432,57.62216156403,77.422,93.6271,24.9995466624,TP2,95.25235777187301,-2.084838331850779,93.16751944002223,3.81016340248822,True,monitored_shadow:8d6da18e802bf8f6bd1e2e59
monitored_zone,LINKUSDT,LONG,2,CLOSED,2023-12-11T03:00:00+00:00,2024-01-03T13:00:00+00:00,23.416666666666668,14.830188972375,12.6592,12.6592,22.47,28.4139,24.999833026368,STOP,-24.92754126325975,-3.1291435442764914,-28.056684807536243,-0.9971083101622318,False,monitored_shadow:6e2af46d3894eb0dce348721
monitored_zone,BTCUSDT,LONG,2X,CLOSED,2023-12-12T18:00:00+00:00,2024-01-18T21:00:00+00:00,37.125,40731.15152575351,37767.51,40731.15152575351,48433.2225,57017.8451,12.451569507168,STOP,15.90932852086558,-3.379694995032434,12.529633525833146,1.2776966399060818,True,monitored_shadow:e30df2808083bdc4d24f70a6
monitored_zone,BNBUSDT,LONG,2X,CLOSED,2024-01-08T03:00:00+00:00,2024-02-29T17:00:00+00:00,52.583333333333336,292.65239688825,270.4185,404.1954,363.8337,451.3675,12.497920928304,STOP,49.878786550661985,3.0941753761119797,52.97296192677396,3.990966724529491,True,monitored_shadow:e4a1bad0e57b6cb6119b9164
monitored_zone,BTCUSDT,LONG,1,CLOSED,2024-01-18T22:00:00+00:00,2024-01-23T12:00:00+00:00,4.583333333333333,41142.195346917004,38645.5807,38645.5807,49054.4,58116.4049,24.935608358576,STOP,-24.793918096341127,-0.558711012811133,-25.35262910915226,-0.9943177539445857,False,monitored_shadow:d927ceb28eb776987a5545f7
monitored_zone,SOLUSDT,SHORT,2XS,CLOSED,2024-04-15T00:00:00+00:00,2024-05-17T07:00:00+00:00,32.291666666666664,151.11709276755,164.8807,164.8807,79.6985,2.274,12.61794959696,STOP,-12.588427117176238,0.7755987995796589,-11.81282831759658,-0.9976602791478201,False,monitored_shadow:666c380975621db49273c822
monitored_zone,LINKUSDT,LONG,2X,CLOSED,2024-06-07T19:00:00+00:00,2024-06-11T16:00:00+00:00,3.875,16.19766744288,14.9296,14.9296,20.0947,24.5814,12.468762759136,STOP,-12.411077479722785,-0.1712593956636401,-12.582336875386424,-0.995373616410261,False,monitored_shadow:e888101c62513edc165d12ed
monitored_zone,ETHUSDT,LONG,2X,CLOSED,2024-06-11T08:00:00+00:00,2024-06-24T10:00:00+00:00,13.083333333333334,3533.7764419881,3329.8254,3329.8254,4312.7043,5238.5886,12.492572754816,STOP,-12.418612549876402,-0.37844220457047106,-12.797054754446872,-0.9940796658629755,False,monitored_shadow:6cffd67a890bb0be9f842c75
monitored_zone,BNBUSDT,LONG,2,CLOSED,2024-06-18T02:00:00+00:00,2024-07-05T03:00:00+00:00,17.041666666666668,587.9557213162501,490.941,490.941,854.4499,1076.0339,25.116525294432,STOP,-25.048949764920888,-0.42436380805444424,-25.473313572975332,-0.9973095191823331,False,monitored_shadow:a5a8e8fa12faa6efadb690bb
monitored_zone,BTCUSDT,SHORT,2S,CLOSED,2024-07-14T23:00:00+00:00,2024-07-15T23:00:00+00:00,1.0,60797.714262285,64483.45,64483.45,49996.0,41437.318,24.66851258144,STOP,-24.571697008906877,0.03809979960817483,-24.5335972092987,-0.9960753380564191,False,monitored_shadow:13048a78b1e928a2656aa0d9
monitored_zone,LINKUSDT,SHORT,2S,CLOSED,2024-07-15T03:00:00+00:00,2024-07-21T23:00:00+00:00,6.833333333333333,13.77117860664,14.9794,14.9794,8.118,4.0145,24.90653414256,STOP,-24.84671175276536,0.4426606318268272,-24.404051120938533,-0.9975981246747447,False,monitored_shadow:109ce222c90815c95d89fa36
monitored_zone,LINKUSDT,LONG,2,CLOSED,2024-10-02T15:00:00+00:00,2024-11-20T20:00:00+00:00,49.208333333333336,10.818785412225,9.1309,14.168817,13.939,16.8244,24.844483716192,STOP,46.798382580347855,-1.973483140695479,44.82489943965238,1.8836528508679675,True,monitored_shadow:2e694e207ed9d5ae5ab28b25
monitored_zone,BNBUSDT,LONG,2,CLOSED,2024-10-02T19:00:00+00:00,2024-12-04T11:00:00+00:00,62.666666666666664,537.83818556475,465.9435,537.83818556475,670.8,794.4927,25.057555821968,TP2,66.65065512861716,-3.6421491145883027,63.00850601402886,2.6599024901776103,True,monitored_shadow:45455a6bc54d8d1cf05af538
monitored_zone,ETHUSDT,LONG,2,CLOSED,2024-10-23T17:00:00+00:00,2024-11-10T19:00:00+00:00,18.083333333333332,2492.12197486875,2285.4744,2492.12197486875,2888.1,3246.2557,24.956037892224,TP2,67.46864202764901,-1.6100012199189475,65.85864080773007,2.703499742988907,True,monitored_shadow:753a6e36413e13fddc811ca5
monitored_zone,SOLUSDT,LONG,2X,CLOSED,2024-12-02T13:00:00+00:00,2024-12-20T09:00:00+00:00,17.833333333333332,222.4178223351,180.6982,180.6982,287.3337,369.1074,12.602285904384,STOP,-12.571088129741248,-0.8745235039775012,-13.44561163371875,-0.9975244352588526,False,monitored_shadow:f3c0642b1c0342dd62cce25d
monitored_zone,BTCUSDT,LONG,2,CLOSED,2024-12-09T21:00:00+00:00,2025-01-13T15:00:00+00:00,34.75,96333.70644450001,89927.145,89927.145,123717.5,144038.576,24.345952447008,STOP,-24.217535674328275,-2.307269625312053,-26.524805299640327,-0.994725333791757,False,monitored_shadow:5a8832f45526daed872035e5
monitored_zone,LINKUSDT,LONG,2,CLOSED,2024-12-19T16:00:00+00:00,2025-01-13T09:00:00+00:00,24.708333333333332,24.18446196264,18.8745,18.8745,33.878,42.9724,24.961310862544,STOP,-24.90560825460883,-0.6354797761716395,-25.541088030780468,-0.9977684422007357,False,monitored_shadow:ca38470496f0ee81f97abb48
monitored_zone,LINKUSDT,LONG,1,CLOSED,2025-01-15T07:00:00+00:00,2025-02-03T02:00:00+00:00,18.791666666666668,20.53318440789,17.7725,17.7725,30.96,42.6436,24.899118995856,STOP,-24.82290438732498,-0.9289953260965669,-25.751899713421544,-0.996939064047057,False,monitored_shadow:75cd6441c15bdf3145534234
monitored_zone,ETHUSDT,SHORT,2S,CLOSED,2025-01-31T16:00:00+00:00,2025-02-03T03:00:00+00:00,2.4583333333333335,3425.3607553984,3782.1773,3425.3607553984,2733.47,2108.5114,25.11830463136,TP2,69.209377398349,0.014395133380333859,69.22377253172934,2.7553363339634656,True,monitored_shadow:843df9e61ffb6d510a4793c2
monitored_zone,BTCUSDT,SHORT,2S,CLOSED,2025-04-09T21:00:00+00:00,2025-04-22T14:00:00+00:00,12.708333333333334,83125.3971723175,89627.4,89627.4,70226.3,58784.8334,24.610945261824,STOP,-24.54046777799613,0.30005633304116264,-24.24041144495497,-0.9971363357612602,False,monitored_shadow:95c6950bf9c86d842294561b
monitored_zone,SOLUSDT,SHORT,2S,CLOSED,2025-04-12T13:00:00+00:00,2025-04-23T00:00:00+00:00,10.458333333333334,126.28578639495001,149.6821,149.6821,79.2101,37.0254,25.173219672576,STOP,-25.155433689338967,-0.1659007525762548,-25.321334441915223,-0.9992934561622084,False,monitored_shadow:0cfd9bc181d6a693454794d7
monitored_zone,ETHUSDT,SHORT,2S,CLOSED,2025-04-27T01:00:00+00:00,2025-05-08T20:00:00+00:00,11.791666666666666,1840.8954886231,2125.4642,2125.4642,1303.0701,807.8358,25.304814045408,STOP,-25.278857660056065,0.23160701750807727,-25.047250642547986,-0.9989742510928806,False,monitored_shadow:68929e0ced48e38480972622
monitored_zone,LINKUSDT,LONG,2,CLOSED,2025-05-30T01:00:00+00:00,2025-06-05T21:00:00+00:00,6.833333333333333,14.383032515670001,12.998,12.998,18.4489,21.6953,24.83708515504,STOP,-24.73922299517789,-0.060910330369850316,-24.80013332554774,-0.9960598371648192,False,monitored_shadow:7a5acdbd926e67ab173c5713
monitored_zone,BNBUSDT,LONG,1,CLOSED,2025-06-05T21:00:00+00:00,2025-07-23T01:00:00+00:00,47.166666666666664,625.4188293780002,580.4118,743.8554,697.7,798.4877,25.225453359744,TP2,66.5054355514943,-0.7343503496962985,65.771085201798,2.6364416370659525,True,monitored_shadow:04a51914b9fd85912ddc6c19
monitored_zone,ETHUSDT,LONG,2,CLOSED,2025-06-13T17:00:00+00:00,2025-06-21T22:00:00+00:00,8.208333333333334,2561.5762764102,2356.6059,2356.6059,3785.47,4653.797,25.233653709376,STOP,-25.118792332956875,-0.14010004537438056,-25.258892378331257,-0.9954480877901385,False,monitored_shadow:23898cef557aa4b4a5a70a75
monitored_zone,SOLUSDT,SHORT,2S,CLOSED,2025-06-30T19:00:00+00:00,2025-07-16T17:00:00+00:00,15.916666666666666,155.67549683594999,170.8854,170.8854,122.1501,93.5923,25.110889318944,STOP,-25.057563301757856,0.45889646502814907,-24.598666836729706,-0.9978763787889458,False,monitored_shadow:ff513f247e50560c92fa72fd
monitored_zone,LINKUSDT,SHORT,2S,CLOSED,2025-07-09T06:00:00+00:00,2025-07-13T16:00:00+00:00,4.416666666666667,14.061077110990002,15.8899,15.8899,10.319,7.0214,24.775321454,STOP,-24.741514669190426,0.20476564643905815,-24.53674902275137,-0.9986354653410918,False,monitored_shadow:6cf70e4207201e71aff328ec
monitored_zone,BTCUSDT,LONG,2,CLOSED,2025-08-15T14:00:00+00:00,2025-08-24T20:00:00+00:00,9.25,117765.20516586001,110751.3,110751.3,136995.0,152522.25,24.568104545984,STOP,-24.42634978066675,-0.8340927922633125,-25.260442572930064,-0.9942301301652341,False,monitored_shadow:7bc5fdff99081284da92bab7
monitored_zone,ETHUSDT,LONG,2,CLOSED,2025-08-25T20:00:00+00:00,2025-09-25T04:00:00+00:00,30.333333333333332,4419.7264292727,4019.1425,4019.1425,5503.71,6396.0834,25.166099491456,STOP,-25.062099827972226,-1.32509030848957,-26.387190136461797,-0.9958674699065272,False,monitored_shadow:a903454650b64b09cdc87d06
